qt.text.font.db: OpenType support missing for ".SF NS", script 11
QCAE_FT_AAT_TRACE {"message":"end chainsubtable 11","engine":"0x896afe400","engine_type":4,"pixel_size":14,"utf16":[78,111,100,101,32,55357,56898,32,55357,56425,8205,55357,56615],"glyphs":[{"id":1450,"cluster":8},{"id":65535,"cluster":8},{"id":65535,"cluster":8}]}
QCAE_FT_AAT_TRACE {"message":"skipped chainsubtable 12 because no glyph matches","engine":"0x896afe400","engine_type":4,"pixel_size":14,"utf16":[78,111,100,101,32,55357,56898,32,55357,56425,8205,55357,56615],"glyphs":[{"id":1450,"cluster":8},{"id":65535,"cluster":8},{"id":65535,"cluster":8}]}
QCAE_FT_AAT_TRACE {"message":"skipped chainsubtable 13 because no glyph matches","engine":"0x896afe400","engine_type":4,"pixel_size":14,"utf16":[78,111,100,101,32,55357,56898,32,55357,56425,8205,55357,56615],"glyphs":[{"id":1450,"cluster":8},{"id":65535,"cluster":8},{"id":65535,"cluster":8}]}
QCAE_FT_AAT_TRACE {"message":"skipped chainsubtable 14 because no glyph matches","engine":"0x896afe400","engine_type":4,"pixel_size":14,"utf16":[78,111,100,101,32,55357,56898,32,55357,56425,8205,55357,56615],"glyphs":[{"id":1450,"cluster":8},{"id":65535,"cluster":8},{"id":65535,"cluster":8}]}
QCAE_FT_AAT_TRACE {"message":"skipped chainsubtable 15 because no glyph matches","engine":"0x896afe400","engine_type":4,"pixel_size":14,"utf16":[78,111,100,101,32,55357,56898,32,55357,56425,8205,55357,56615],"glyphs":[{"id":1450,"cluster":8},{"id":65535,"cluster":8},{"id":65535,"cluster":8}]}
QCAE_FT_AAT_TRACE {"message":"start chainsubtable 24","engine":"0x896afe400","engine_type":4,"pixel_size":14,"utf16":[78,111,100,101,32,55357,56898,32,55357,56425,8205,55357,56615],"glyphs":[{"id":1450,"cluster":8},{"id":65535,"cluster":8},{"id":65535,"cluster":8}]}
QCAE_FT_AAT_TRACE {"message":"end chainsubtable 24","engine":"0x896afe400","engine_type":4,"pixel_size":14,"utf16":[78,111,100,101,32,55357,56898,32,55357,56425,8205,55357,56615],"glyphs":[{"id":1450,"cluster":8},{"id":65535,"cluster":8},{"id":65535,"cluster":8}]}
QCAE_FT_AAT_TRACE {"message":"end table morx","engine":"0x896afe400","engine_type":4,"pixel_size":14,"utf16":[78,111,100,101,32,55357,56898,32,55357,56425,8205,55357,56615],"glyphs":[{"id":1450,"cluster":8},{"id":65535,"cluster":8},{"id":65535,"cluster":8}]}
QCAE_FT_AAT_TRACE {"message":"start table GPOS script tag ''","engine":"0x896afe400","engine_type":4,"pixel_size":14,"utf16":[78,111,100,101,32,55357,56898,32,55357,56425,8205,55357,56615],"glyphs":[{"id":1450,"cluster":8}]}
QCAE_FT_AAT_TRACE {"message":"start lookup 0 feature 'mark'","engine":"0x896afe400","engine_type":4,"pixel_size":14,"utf16":[78,111,100,101,32,55357,56898,32,55357,56425,8205,55357,56615],"glyphs":[{"id":1450,"cluster":8}]}
QCAE_FT_AAT_TRACE {"message":"skipped lookup 0 feature 'mark' because no glyph matches","engine":"0x896afe400","engine_type":4,"pixel_size":14,"utf16":[78,111,100,101,32,55357,56898,32,55357,56425,8205,55357,56615],"glyphs":[{"id":1450,"cluster":8}]}
QCAE_FT_AAT_TRACE {"message":"end lookup 0 feature 'mark'","engine":"0x896afe400","engine_type":4,"pixel_size":14,"utf16":[78,111,100,101,32,55357,56898,32,55357,56425,8205,55357,56615],"glyphs":[{"id":1450,"cluster":8}]}
QCAE_FT_AAT_TRACE {"message":"end table GPOS script tag ''","engine":"0x896afe400","engine_type":4,"pixel_size":14,"utf16":[78,111,100,101,32,55357,56898,32,55357,56425,8205,55357,56615],"glyphs":[{"id":1450,"cluster":8}]}
QCAE_FT_AAT_TRACE {"message":"final-shape-result","engine":"0x896afe400","engine_type":4,"pixel_size":14,"utf16":[78,111,100,101,32,55357,56898,32,55357,56425,8205,55357,56615],"glyphs":[{"id":1450,"cluster":8}]}
QCAE_FT_AAT_TRACE {"message":"end chainsubtable 11","engine":"0x896afe400","engine_type":4,"pixel_size":14,"utf16":[78,111,100,101,32,55357,56898,32,55357,56425,8205,55357,56615],"glyphs":[{"id":1450,"cluster":8},{"id":65535,"cluster":8},{"id":65535,"cluster":8}]}
QCAE_FT_AAT_TRACE {"message":"skipped chainsubtable 12 because no glyph matches","engine":"0x896afe400","engine_type":4,"pixel_size":14,"utf16":[78,111,100,101,32,55357,56898,32,55357,56425,8205,55357,56615],"glyphs":[{"id":1450,"cluster":8},{"id":65535,"cluster":8},{"id":65535,"cluster":8}]}
QCAE_FT_AAT_TRACE {"message":"skipped chainsubtable 13 because no glyph matches","engine":"0x896afe400","engine_type":4,"pixel_size":14,"utf16":[78,111,100,101,32,55357,56898,32,55357,56425,8205,55357,56615],"glyphs":[{"id":1450,"cluster":8},{"id":65535,"cluster":8},{"id":65535,"cluster":8}]}
QCAE_FT_AAT_TRACE {"message":"skipped chainsubtable 14 because no glyph matches","engine":"0x896afe400","engine_type":4,"pixel_size":14,"utf16":[78,111,100,101,32,55357,56898,32,55357,56425,8205,55357,56615],"glyphs":[{"id":1450,"cluster":8},{"id":65535,"cluster":8},{"id":65535,"cluster":8}]}
QCAE_FT_AAT_TRACE {"message":"skipped chainsubtable 15 because no glyph matches","engine":"0x896afe400","engine_type":4,"pixel_size":14,"utf16":[78,111,100,101,32,55357,56898,32,55357,56425,8205,55357,56615],"glyphs":[{"id":1450,"cluster":8},{"id":65535,"cluster":8},{"id":65535,"cluster":8}]}
QCAE_FT_AAT_TRACE {"message":"start chainsubtable 24","engine":"0x896afe400","engine_type":4,"pixel_size":14,"utf16":[78,111,100,101,32,55357,56898,32,55357,56425,8205,55357,56615],"glyphs":[{"id":1450,"cluster":8},{"id":65535,"cluster":8},{"id":65535,"cluster":8}]}
QCAE_FT_AAT_TRACE {"message":"end chainsubtable 24","engine":"0x896afe400","engine_type":4,"pixel_size":14,"utf16":[78,111,100,101,32,55357,56898,32,55357,56425,8205,55357,56615],"glyphs":[{"id":1450,"cluster":8},{"id":65535,"cluster":8},{"id":65535,"cluster":8}]}
QCAE_FT_AAT_TRACE {"message":"end table morx","engine":"0x896afe400","engine_type":4,"pixel_size":14,"utf16":[78,111,100,101,32,55357,56898,32,55357,56425,8205,55357,56615],"glyphs":[{"id":1450,"cluster":8},{"id":65535,"cluster":8},{"id":65535,"cluster":8}]}
QCAE_FT_AAT_TRACE {"message":"start table GPOS script tag ''","engine":"0x896afe400","engine_type":4,"pixel_size":14,"utf16":[78,111,100,101,32,55357,56898,32,55357,56425,8205,55357,56615],"glyphs":[{"id":1450,"cluster":8}]}
QCAE_FT_AAT_TRACE {"message":"start lookup 0 feature 'mark'","engine":"0x896afe400","engine_type":4,"pixel_size":14,"utf16":[78,111,100,101,32,55357,56898,32,55357,56425,8205,55357,56615],"glyphs":[{"id":1450,"cluster":8}]}
QCAE_FT_AAT_TRACE {"message":"skipped lookup 0 feature 'mark' because no glyph matches","engine":"0x896afe400","engine_type":4,"pixel_size":14,"utf16":[78,111,100,101,32,55357,56898,32,55357,56425,8205,55357,56615],"glyphs":[{"id":1450,"cluster":8}]}
QCAE_FT_AAT_TRACE {"message":"end lookup 0 feature 'mark'","engine":"0x896afe400","engine_type":4,"pixel_size":14,"utf16":[78,111,100,101,32,55357,56898,32,55357,56425,8205,55357,56615],"glyphs":[{"id":1450,"cluster":8}]}
QCAE_FT_AAT_TRACE {"message":"end table GPOS script tag ''","engine":"0x896afe400","engine_type":4,"pixel_size":14,"utf16":[78,111,100,101,32,55357,56898,32,55357,56425,8205,55357,56615],"glyphs":[{"id":1450,"cluster":8}]}
QCAE_FT_AAT_TRACE {"message":"final-shape-result","engine":"0x896afe400","engine_type":4,"pixel_size":14,"utf16":[78,111,100,101,32,55357,56898,32,55357,56425,8205,55357,56615],"glyphs":[{"id":1450,"cluster":8}]}
QCAE_FT_AAT_TRACE {"message":"end chainsubtable 11","engine":"0x896afe400","engine_type":4,"pixel_size":14,"utf16":[78,111,100,101,32,55357,56898,32,55357,56425,8205,55357,56615],"glyphs":[{"id":1450,"cluster":8},{"id":65535,"cluster":8},{"id":65535,"cluster":8}]}
QCAE_FT_AAT_TRACE {"message":"skipped chainsubtable 12 because no glyph matches","engine":"0x896afe400","engine_type":4,"pixel_size":14,"utf16":[78,111,100,101,32,55357,56898,32,55357,56425,8205,55357,56615],"glyphs":[{"id":1450,"cluster":8},{"id":65535,"cluster":8},{"id":65535,"cluster":8}]}
QCAE_FT_AAT_TRACE {"message":"skipped chainsubtable 13 because no glyph matches","engine":"0x896afe400","engine_type":4,"pixel_size":14,"utf16":[78,111,100,101,32,55357,56898,32,55357,56425,8205,55357,56615],"glyphs":[{"id":1450,"cluster":8},{"id":65535,"cluster":8},{"id":65535,"cluster":8}]}
QCAE_FT_AAT_TRACE {"message":"skipped chainsubtable 14 because no glyph matches","engine":"0x896afe400","engine_type":4,"pixel_size":14,"utf16":[78,111,100,101,32,55357,56898,32,55357,56425,8205,55357,56615],"glyphs":[{"id":1450,"cluster":8},{"id":65535,"cluster":8},{"id":65535,"cluster":8}]}
QCAE_FT_AAT_TRACE {"message":"skipped chainsubtable 15 because no glyph matches","engine":"0x896afe400","engine_type":4,"pixel_size":14,"utf16":[78,111,100,101,32,55357,56898,32,55357,56425,8205,55357,56615],"glyphs":[{"id":1450,"cluster":8},{"id":65535,"cluster":8},{"id":65535,"cluster":8}]}
QCAE_FT_AAT_TRACE {"message":"start chainsubtable 24","engine":"0x896afe400","engine_type":4,"pixel_size":14,"utf16":[78,111,100,101,32,55357,56898,32,55357,56425,8205,55357,56615],"glyphs":[{"id":1450,"cluster":8},{"id":65535,"cluster":8},{"id":65535,"cluster":8}]}
QCAE_FT_AAT_TRACE {"message":"end chainsubtable 24","engine":"0x896afe400","engine_type":4,"pixel_size":14,"utf16":[78,111,100,101,32,55357,56898,32,55357,56425,8205,55357,56615],"glyphs":[{"id":1450,"cluster":8},{"id":65535,"cluster":8},{"id":65535,"cluster":8}]}
QCAE_FT_AAT_TRACE {"message":"end table morx","engine":"0x896afe400","engine_type":4,"pixel_size":14,"utf16":[78,111,100,101,32,55357,56898,32,55357,56425,8205,55357,56615],"glyphs":[{"id":1450,"cluster":8},{"id":65535,"cluster":8},{"id":65535,"cluster":8}]}
QCAE_FT_AAT_TRACE {"message":"start table GPOS script tag ''","engine":"0x896afe400","engine_type":4,"pixel_size":14,"utf16":[78,111,100,101,32,55357,56898,32,55357,56425,8205,55357,56615],"glyphs":[{"id":1450,"cluster":8}]}
QCAE_FT_AAT_TRACE {"message":"start lookup 0 feature 'mark'","engine":"0x896afe400","engine_type":4,"pixel_size":14,"utf16":[78,111,100,101,32,55357,56898,32,55357,56425,8205,55357,56615],"glyphs":[{"id":1450,"cluster":8}]}
QCAE_FT_AAT_TRACE {"message":"skipped lookup 0 feature 'mark' because no glyph matches","engine":"0x896afe400","engine_type":4,"pixel_size":14,"utf16":[78,111,100,101,32,55357,56898,32,55357,56425,8205,55357,56615],"glyphs":[{"id":1450,"cluster":8}]}
QCAE_FT_AAT_TRACE {"message":"end lookup 0 feature 'mark'","engine":"0x896afe400","engine_type":4,"pixel_size":14,"utf16":[78,111,100,101,32,55357,56898,32,55357,56425,8205,55357,56615],"glyphs":[{"id":1450,"cluster":8}]}
QCAE_FT_AAT_TRACE {"message":"end table GPOS script tag ''","engine":"0x896afe400","engine_type":4,"pixel_size":14,"utf16":[78,111,100,101,32,55357,56898,32,55357,56425,8205,55357,56615],"glyphs":[{"id":1450,"cluster":8}]}
QCAE_FT_AAT_TRACE {"message":"final-shape-result","engine":"0x896afe400","engine_type":4,"pixel_size":14,"utf16":[78,111,100,101,32,55357,56898,32,55357,56425,8205,55357,56615],"glyphs":[{"id":1450,"cluster":8}]}
QCAE_FT_AAT_TRACE {"message":"end chainsubtable 11","engine":"0x896afe400","engine_type":4,"pixel_size":14,"utf16":[78,111,100,101,32,55357,56898,32,55357,56425,8205,55357,56615],"glyphs":[{"id":1450,"cluster":8},{"id":65535,"cluster":8},{"id":65535,"cluster":8}]}
QCAE_FT_AAT_TRACE {"message":"skipped chainsubtable 12 because no glyph matches","engine":"0x896afe400","engine_type":4,"pixel_size":14,"utf16":[78,111,100,101,32,55357,56898,32,55357,56425,8205,55357,56615],"glyphs":[{"id":1450,"cluster":8},{"id":65535,"cluster":8},{"id":65535,"cluster":8}]}
QCAE_FT_AAT_TRACE {"message":"skipped chainsubtable 13 because no glyph matches","engine":"0x896afe400","engine_type":4,"pixel_size":14,"utf16":[78,111,100,101,32,55357,56898,32,55357,56425,8205,55357,56615],"glyphs":[{"id":1450,"cluster":8},{"id":65535,"cluster":8},{"id":65535,"cluster":8}]}
QCAE_FT_AAT_TRACE {"message":"skipped chainsubtable 14 because no glyph matches","engine":"0x896afe400","engine_type":4,"pixel_size":14,"utf16":[78,111,100,101,32,55357,56898,32,55357,56425,8205,55357,56615],"glyphs":[{"id":1450,"cluster":8},{"id":65535,"cluster":8},{"id":65535,"cluster":8}]}
QCAE_FT_AAT_TRACE {"message":"skipped chainsubtable 15 because no glyph matches","engine":"0x896afe400","engine_type":4,"pixel_size":14,"utf16":[78,111,100,101,32,55357,56898,32,55357,56425,8205,55357,56615],"glyphs":[{"id":1450,"cluster":8},{"id":65535,"cluster":8},{"id":65535,"cluster":8}]}
QCAE_FT_AAT_TRACE {"message":"start chainsubtable 24","engine":"0x896afe400","engine_type":4,"pixel_size":14,"utf16":[78,111,100,101,32,55357,56898,32,55357,56425,8205,55357,56615],"glyphs":[{"id":1450,"cluster":8},{"id":65535,"cluster":8},{"id":65535,"cluster":8}]}
QCAE_FT_AAT_TRACE {"message":"end chainsubtable 24","engine":"0x896afe400","engine_type":4,"pixel_size":14,"utf16":[78,111,100,101,32,55357,56898,32,55357,56425,8205,55357,56615],"glyphs":[{"id":1450,"cluster":8},{"id":65535,"cluster":8},{"id":65535,"cluster":8}]}
QCAE_FT_AAT_TRACE {"message":"end table morx","engine":"0x896afe400","engine_type":4,"pixel_size":14,"utf16":[78,111,100,101,32,55357,56898,32,55357,56425,8205,55357,56615],"glyphs":[{"id":1450,"cluster":8},{"id":65535,"cluster":8},{"id":65535,"cluster":8}]}
QCAE_FT_AAT_TRACE {"message":"start table GPOS script tag ''","engine":"0x896afe400","engine_type":4,"pixel_size":14,"utf16":[78,111,100,101,32,55357,56898,32,55357,56425,8205,55357,56615],"glyphs":[{"id":1450,"cluster":8}]}
QCAE_FT_AAT_TRACE {"message":"start lookup 0 feature 'mark'","engine":"0x896afe400","engine_type":4,"pixel_size":14,"utf16":[78,111,100,101,32,55357,56898,32,55357,56425,8205,55357,56615],"glyphs":[{"id":1450,"cluster":8}]}
QCAE_FT_AAT_TRACE {"message":"skipped lookup 0 feature 'mark' because no glyph matches","engine":"0x896afe400","engine_type":4,"pixel_size":14,"utf16":[78,111,100,101,32,55357,56898,32,55357,56425,8205,55357,56615],"glyphs":[{"id":1450,"cluster":8}]}
QCAE_FT_AAT_TRACE {"message":"end lookup 0 feature 'mark'","engine":"0x896afe400","engine_type":4,"pixel_size":14,"utf16":[78,111,100,101,32,55357,56898,32,55357,56425,8205,55357,56615],"glyphs":[{"id":1450,"cluster":8}]}
QCAE_FT_AAT_TRACE {"message":"end table GPOS script tag ''","engine":"0x896afe400","engine_type":4,"pixel_size":14,"utf16":[78,111,100,101,32,55357,56898,32,55357,56425,8205,55357,56615],"glyphs":[{"id":1450,"cluster":8}]}
QCAE_FT_AAT_TRACE {"message":"final-shape-result","engine":"0x896afe400","engine_type":4,"pixel_size":14,"utf16":[78,111,100,101,32,55357,56898,32,55357,56425,8205,55357,56615],"glyphs":[{"id":1450,"cluster":8}]}
qt.text.font.db: OpenType support missing for ".SF NS", script 11
QCAE_FT_AAT_TRACE {"message":"end chainsubtable 11","engine":"0x896b4a400","engine_type":4,"pixel_size":18,"utf16":[78,111,100,101,32,55357,56898,32,55357,56425,8205,55357,56615],"glyphs":[{"id":1450,"cluster":8},{"id":65535,"cluster":8},{"id":65535,"cluster":8}]}
QCAE_FT_AAT_TRACE {"message":"skipped chainsubtable 12 because no glyph matches","engine":"0x896b4a400","engine_type":4,"pixel_size":18,"utf16":[78,111,100,101,32,55357,56898,32,55357,56425,8205,55357,56615],"glyphs":[{"id":1450,"cluster":8},{"id":65535,"cluster":8},{"id":65535,"cluster":8}]}
QCAE_FT_AAT_TRACE {"message":"skipped chainsubtable 13 because no glyph matches","engine":"0x896b4a400","engine_type":4,"pixel_size":18,"utf16":[78,111,100,101,32,55357,56898,32,55357,56425,8205,55357,56615],"glyphs":[{"id":1450,"cluster":8},{"id":65535,"cluster":8},{"id":65535,"cluster":8}]}
QCAE_FT_AAT_TRACE {"message":"skipped chainsubtable 14 because no glyph matches","engine":"0x896b4a400","engine_type":4,"pixel_size":18,"utf16":[78,111,100,101,32,55357,56898,32,55357,56425,8205,55357,56615],"glyphs":[{"id":1450,"cluster":8},{"id":65535,"cluster":8},{"id":65535,"cluster":8}]}
QCAE_FT_AAT_TRACE {"message":"skipped chainsubtable 15 because no glyph matches","engine":"0x896b4a400","engine_type":4,"pixel_size":18,"utf16":[78,111,100,101,32,55357,56898,32,55357,56425,8205,55357,56615],"glyphs":[{"id":1450,"cluster":8},{"id":65535,"cluster":8},{"id":65535,"cluster":8}]}
QCAE_FT_AAT_TRACE {"message":"start chainsubtable 24","engine":"0x896b4a400","engine_type":4,"pixel_size":18,"utf16":[78,111,100,101,32,55357,56898,32,55357,56425,8205,55357,56615],"glyphs":[{"id":1450,"cluster":8},{"id":65535,"cluster":8},{"id":65535,"cluster":8}]}
QCAE_FT_AAT_TRACE {"message":"end chainsubtable 24","engine":"0x896b4a400","engine_type":4,"pixel_size":18,"utf16":[78,111,100,101,32,55357,56898,32,55357,56425,8205,55357,56615],"glyphs":[{"id":1450,"cluster":8},{"id":65535,"cluster":8},{"id":65535,"cluster":8}]}
QCAE_FT_AAT_TRACE {"message":"end table morx","engine":"0x896b4a400","engine_type":4,"pixel_size":18,"utf16":[78,111,100,101,32,55357,56898,32,55357,56425,8205,55357,56615],"glyphs":[{"id":1450,"cluster":8},{"id":65535,"cluster":8},{"id":65535,"cluster":8}]}
QCAE_FT_AAT_TRACE {"message":"start table GPOS script tag ''","engine":"0x896b4a400","engine_type":4,"pixel_size":18,"utf16":[78,111,100,101,32,55357,56898,32,55357,56425,8205,55357,56615],"glyphs":[{"id":1450,"cluster":8}]}
QCAE_FT_AAT_TRACE {"message":"start lookup 0 feature 'mark'","engine":"0x896b4a400","engine_type":4,"pixel_size":18,"utf16":[78,111,100,101,32,55357,56898,32,55357,56425,8205,55357,56615],"glyphs":[{"id":1450,"cluster":8}]}
QCAE_FT_AAT_TRACE {"message":"skipped lookup 0 feature 'mark' because no glyph matches","engine":"0x896b4a400","engine_type":4,"pixel_size":18,"utf16":[78,111,100,101,32,55357,56898,32,55357,56425,8205,55357,56615],"glyphs":[{"id":1450,"cluster":8}]}
QCAE_FT_AAT_TRACE {"message":"end lookup 0 feature 'mark'","engine":"0x896b4a400","engine_type":4,"pixel_size":18,"utf16":[78,111,100,101,32,55357,56898,32,55357,56425,8205,55357,56615],"glyphs":[{"id":1450,"cluster":8}]}
QCAE_FT_AAT_TRACE {"message":"end table GPOS script tag ''","engine":"0x896b4a400","engine_type":4,"pixel_size":18,"utf16":[78,111,100,101,32,55357,56898,32,55357,56425,8205,55357,56615],"glyphs":[{"id":1450,"cluster":8}]}
QCAE_FT_AAT_TRACE {"message":"final-shape-result","engine":"0x896b4a400","engine_type":4,"pixel_size":18,"utf16":[78,111,100,101,32,55357,56898,32,55357,56425,8205,55357,56615],"glyphs":[{"id":1450,"cluster":8}]}
QCAE_FT_AAT_TRACE {"message":"end chainsubtable 11","engine":"0x896b4a400","engine_type":4,"pixel_size":18,"utf16":[78,111,100,101,32,55357,56898,32,55357,56425,8205,55357,56615],"glyphs":[{"id":1450,"cluster":8},{"id":65535,"cluster":8},{"id":65535,"cluster":8}]}
QCAE_FT_AAT_TRACE {"message":"skipped chainsubtable 12 because no glyph matches","engine":"0x896b4a400","engine_type":4,"pixel_size":18,"utf16":[78,111,100,101,32,55357,56898,32,55357,56425,8205,55357,56615],"glyphs":[{"id":1450,"cluster":8},{"id":65535,"cluster":8},{"id":65535,"cluster":8}]}
QCAE_FT_AAT_TRACE {"message":"skipped chainsubtable 13 because no glyph matches","engine":"0x896b4a400","engine_type":4,"pixel_size":18,"utf16":[78,111,100,101,32,55357,56898,32,55357,56425,8205,55357,56615],"glyphs":[{"id":1450,"cluster":8},{"id":65535,"cluster":8},{"id":65535,"cluster":8}]}
QCAE_FT_AAT_TRACE {"message":"skipped chainsubtable 14 because no glyph matches","engine":"0x896b4a400","engine_type":4,"pixel_size":18,"utf16":[78,111,100,101,32,55357,56898,32,55357,56425,8205,55357,56615],"glyphs":[{"id":1450,"cluster":8},{"id":65535,"cluster":8},{"id":65535,"cluster":8}]}
QCAE_FT_AAT_TRACE {"message":"skipped chainsubtable 15 because no glyph matches","engine":"0x896b4a400","engine_type":4,"pixel_size":18,"utf16":[78,111,100,101,32,55357,56898,32,55357,56425,8205,55357,56615],"glyphs":[{"id":1450,"cluster":8},{"id":65535,"cluster":8},{"id":65535,"cluster":8}]}
QCAE_FT_AAT_TRACE {"message":"start chainsubtable 24","engine":"0x896b4a400","engine_type":4,"pixel_size":18,"utf16":[78,111,100,101,32,55357,56898,32,55357,56425,8205,55357,56615],"glyphs":[{"id":1450,"cluster":8},{"id":65535,"cluster":8},{"id":65535,"cluster":8}]}
QCAE_FT_AAT_TRACE {"message":"end chainsubtable 24","engine":"0x896b4a400","engine_type":4,"pixel_size":18,"utf16":[78,111,100,101,32,55357,56898,32,55357,56425,8205,55357,56615],"glyphs":[{"id":1450,"cluster":8},{"id":65535,"cluster":8},{"id":65535,"cluster":8}]}
QCAE_FT_AAT_TRACE {"message":"end table morx","engine":"0x896b4a400","engine_type":4,"pixel_size":18,"utf16":[78,111,100,101,32,55357,56898,32,55357,56425,8205,55357,56615],"glyphs":[{"id":1450,"cluster":8},{"id":65535,"cluster":8},{"id":65535,"cluster":8}]}
QCAE_FT_AAT_TRACE {"message":"start table GPOS script tag ''","engine":"0x896b4a400","engine_type":4,"pixel_size":18,"utf16":[78,111,100,101,32,55357,56898,32,55357,56425,8205,55357,56615],"glyphs":[{"id":1450,"cluster":8}]}
QCAE_FT_AAT_TRACE {"message":"start lookup 0 feature 'mark'","engine":"0x896b4a400","engine_type":4,"pixel_size":18,"utf16":[78,111,100,101,32,55357,56898,32,55357,56425,8205,55357,56615],"glyphs":[{"id":1450,"cluster":8}]}
QCAE_FT_AAT_TRACE {"message":"skipped lookup 0 feature 'mark' because no glyph matches","engine":"0x896b4a400","engine_type":4,"pixel_size":18,"utf16":[78,111,100,101,32,55357,56898,32,55357,56425,8205,55357,56615],"glyphs":[{"id":1450,"cluster":8}]}
QCAE_FT_AAT_TRACE {"message":"end lookup 0 feature 'mark'","engine":"0x896b4a400","engine_type":4,"pixel_size":18,"utf16":[78,111,100,101,32,55357,56898,32,55357,56425,8205,55357,56615],"glyphs":[{"id":1450,"cluster":8}]}
QCAE_FT_AAT_TRACE {"message":"end table GPOS script tag ''","engine":"0x896b4a400","engine_type":4,"pixel_size":18,"utf16":[78,111,100,101,32,55357,56898,32,55357,56425,8205,55357,56615],"glyphs":[{"id":1450,"cluster":8}]}
QCAE_FT_AAT_TRACE {"message":"final-shape-result","engine":"0x896b4a400","engine_type":4,"pixel_size":18,"utf16":[78,111,100,101,32,55357,56898,32,55357,56425,8205,55357,56615],"glyphs":[{"id":1450,"cluster":8}]}
QCAE_FT_AAT_TRACE {"message":"end chainsubtable 11","engine":"0x896b4a400","engine_type":4,"pixel_size":18,"utf16":[78,111,100,101,32,55357,56898,32,55357,56425,8205,55357,56615],"glyphs":[{"id":1450,"cluster":8},{"id":65535,"cluster":8},{"id":65535,"cluster":8}]}
QCAE_FT_AAT_TRACE {"message":"skipped chainsubtable 12 because no glyph matches","engine":"0x896b4a400","engine_type":4,"pixel_size":18,"utf16":[78,111,100,101,32,55357,56898,32,55357,56425,8205,55357,56615],"glyphs":[{"id":1450,"cluster":8},{"id":65535,"cluster":8},{"id":65535,"cluster":8}]}
QCAE_FT_AAT_TRACE {"message":"skipped chainsubtable 13 because no glyph matches","engine":"0x896b4a400","engine_type":4,"pixel_size":18,"utf16":[78,111,100,101,32,55357,56898,32,55357,56425,8205,55357,56615],"glyphs":[{"id":1450,"cluster":8},{"id":65535,"cluster":8},{"id":65535,"cluster":8}]}
QCAE_FT_AAT_TRACE {"message":"skipped chainsubtable 14 because no glyph matches","engine":"0x896b4a400","engine_type":4,"pixel_size":18,"utf16":[78,111,100,101,32,55357,56898,32,55357,56425,8205,55357,56615],"glyphs":[{"id":1450,"cluster":8},{"id":65535,"cluster":8},{"id":65535,"cluster":8}]}
QCAE_FT_AAT_TRACE {"message":"skipped chainsubtable 15 because no glyph matches","engine":"0x896b4a400","engine_type":4,"pixel_size":18,"utf16":[78,111,100,101,32,55357,56898,32,55357,56425,8205,55357,56615],"glyphs":[{"id":1450,"cluster":8},{"id":65535,"cluster":8},{"id":65535,"cluster":8}]}
QCAE_FT_AAT_TRACE {"message":"start chainsubtable 24","engine":"0x896b4a400","engine_type":4,"pixel_size":18,"utf16":[78,111,100,101,32,55357,56898,32,55357,56425,8205,55357,56615],"glyphs":[{"id":1450,"cluster":8},{"id":65535,"cluster":8},{"id":65535,"cluster":8}]}
QCAE_FT_AAT_TRACE {"message":"end chainsubtable 24","engine":"0x896b4a400","engine_type":4,"pixel_size":18,"utf16":[78,111,100,101,32,55357,56898,32,55357,56425,8205,55357,56615],"glyphs":[{"id":1450,"cluster":8},{"id":65535,"cluster":8},{"id":65535,"cluster":8}]}
QCAE_FT_AAT_TRACE {"message":"end table morx","engine":"0x896b4a400","engine_type":4,"pixel_size":18,"utf16":[78,111,100,101,32,55357,56898,32,55357,56425,8205,55357,56615],"glyphs":[{"id":1450,"cluster":8},{"id":65535,"cluster":8},{"id":65535,"cluster":8}]}
QCAE_FT_AAT_TRACE {"message":"start table GPOS script tag ''","engine":"0x896b4a400","engine_type":4,"pixel_size":18,"utf16":[78,111,100,101,32,55357,56898,32,55357,56425,8205,55357,56615],"glyphs":[{"id":1450,"cluster":8}]}
QCAE_FT_AAT_TRACE {"message":"start lookup 0 feature 'mark'","engine":"0x896b4a400","engine_type":4,"pixel_size":18,"utf16":[78,111,100,101,32,55357,56898,32,55357,56425,8205,55357,56615],"glyphs":[{"id":1450,"cluster":8}]}
QCAE_FT_AAT_TRACE {"message":"skipped lookup 0 feature 'mark' because no glyph matches","engine":"0x896b4a400","engine_type":4,"pixel_size":18,"utf16":[78,111,100,101,32,55357,56898,32,55357,56425,8205,55357,56615],"glyphs":[{"id":1450,"cluster":8}]}
QCAE_FT_AAT_TRACE {"message":"end lookup 0 feature 'mark'","engine":"0x896b4a400","engine_type":4,"pixel_size":18,"utf16":[78,111,100,101,32,55357,56898,32,55357,56425,8205,55357,56615],"glyphs":[{"id":1450,"cluster":8}]}
QCAE_FT_AAT_TRACE {"message":"end table GPOS script tag ''","engine":"0x896b4a400","engine_type":4,"pixel_size":18,"utf16":[78,111,100,101,32,55357,56898,32,55357,56425,8205,55357,56615],"glyphs":[{"id":1450,"cluster":8}]}
QCAE_FT_AAT_TRACE {"message":"final-shape-result","engine":"0x896b4a400","engine_type":4,"pixel_size":18,"utf16":[78,111,100,101,32,55357,56898,32,55357,56425,8205,55357,56615],"glyphs":[{"id":1450,"cluster":8}]}
QCAE_FT_AAT_TRACE {"message":"end chainsubtable 11","engine":"0x896b4a400","engine_type":4,"pixel_size":18,"utf16":[78,111,100,101,32,55357,56898,32,55357,56425,8205,55357,56615],"glyphs":[{"id":1450,"cluster":8},{"id":65535,"cluster":8},{"id":65535,"cluster":8}]}
QCAE_FT_AAT_TRACE {"message":"skipped chainsubtable 12 because no glyph matches","engine":"0x896b4a400","engine_type":4,"pixel_size":18,"utf16":[78,111,100,101,32,55357,56898,32,55357,56425,8205,55357,56615],"glyphs":[{"id":1450,"cluster":8},{"id":65535,"cluster":8},{"id":65535,"cluster":8}]}
QCAE_FT_AAT_TRACE {"message":"skipped chainsubtable 13 because no glyph matches","engine":"0x896b4a400","engine_type":4,"pixel_size":18,"utf16":[78,111,100,101,32,55357,56898,32,55357,56425,8205,55357,56615],"glyphs":[{"id":1450,"cluster":8},{"id":65535,"cluster":8},{"id":65535,"cluster":8}]}
QCAE_FT_AAT_TRACE {"message":"skipped chainsubtable 14 because no glyph matches","engine":"0x896b4a400","engine_type":4,"pixel_size":18,"utf16":[78,111,100,101,32,55357,56898,32,55357,56425,8205,55357,56615],"glyphs":[{"id":1450,"cluster":8},{"id":65535,"cluster":8},{"id":65535,"cluster":8}]}
QCAE_FT_AAT_TRACE {"message":"skipped chainsubtable 15 because no glyph matches","engine":"0x896b4a400","engine_type":4,"pixel_size":18,"utf16":[78,111,100,101,32,55357,56898,32,55357,56425,8205,55357,56615],"glyphs":[{"id":1450,"cluster":8},{"id":65535,"cluster":8},{"id":65535,"cluster":8}]}
QCAE_FT_AAT_TRACE {"message":"start chainsubtable 24","engine":"0x896b4a400","engine_type":4,"pixel_size":18,"utf16":[78,111,100,101,32,55357,56898,32,55357,56425,8205,55357,56615],"glyphs":[{"id":1450,"cluster":8},{"id":65535,"cluster":8},{"id":65535,"cluster":8}]}
QCAE_FT_AAT_TRACE {"message":"end chainsubtable 24","engine":"0x896b4a400","engine_type":4,"pixel_size":18,"utf16":[78,111,100,101,32,55357,56898,32,55357,56425,8205,55357,56615],"glyphs":[{"id":1450,"cluster":8},{"id":65535,"cluster":8},{"id":65535,"cluster":8}]}
QCAE_FT_AAT_TRACE {"message":"end table morx","engine":"0x896b4a400","engine_type":4,"pixel_size":18,"utf16":[78,111,100,101,32,55357,56898,32,55357,56425,8205,55357,56615],"glyphs":[{"id":1450,"cluster":8},{"id":65535,"cluster":8},{"id":65535,"cluster":8}]}
QCAE_FT_AAT_TRACE {"message":"start table GPOS script tag ''","engine":"0x896b4a400","engine_type":4,"pixel_size":18,"utf16":[78,111,100,101,32,55357,56898,32,55357,56425,8205,55357,56615],"glyphs":[{"id":1450,"cluster":8}]}
QCAE_FT_AAT_TRACE {"message":"start lookup 0 feature 'mark'","engine":"0x896b4a400","engine_type":4,"pixel_size":18,"utf16":[78,111,100,101,32,55357,56898,32,55357,56425,8205,55357,56615],"glyphs":[{"id":1450,"cluster":8}]}
QCAE_FT_AAT_TRACE {"message":"skipped lookup 0 feature 'mark' because no glyph matches","engine":"0x896b4a400","engine_type":4,"pixel_size":18,"utf16":[78,111,100,101,32,55357,56898,32,55357,56425,8205,55357,56615],"glyphs":[{"id":1450,"cluster":8}]}
QCAE_FT_AAT_TRACE {"message":"end lookup 0 feature 'mark'","engine":"0x896b4a400","engine_type":4,"pixel_size":18,"utf16":[78,111,100,101,32,55357,56898,32,55357,56425,8205,55357,56615],"glyphs":[{"id":1450,"cluster":8}]}
QCAE_FT_AAT_TRACE {"message":"end table GPOS script tag ''","engine":"0x896b4a400","engine_type":4,"pixel_size":18,"utf16":[78,111,100,101,32,55357,56898,32,55357,56425,8205,55357,56615],"glyphs":[{"id":1450,"cluster":8}]}
QCAE_FT_AAT_TRACE {"message":"final-shape-result","engine":"0x896b4a400","engine_type":4,"pixel_size":18,"utf16":[78,111,100,101,32,55357,56898,32,55357,56425,8205,55357,56615],"glyphs":[{"id":1450,"cluster":8}]}
qt.text.font.db: OpenType support missing for ".SF NS Mono", script 11
QCAE_FT_AAT_TRACE {"message":"end chainsubtable 11","engine":"0x896afe400","engine_type":4,"pixel_size":14,"utf16":[78,111,100,101,32,55357,56898,32,55357,56425,8205,55357,56615],"glyphs":[{"id":1450,"cluster":8},{"id":65535,"cluster":8},{"id":65535,"cluster":8}]}
QCAE_FT_AAT_TRACE {"message":"skipped chainsubtable 12 because no glyph matches","engine":"0x896afe400","engine_type":4,"pixel_size":14,"utf16":[78,111,100,101,32,55357,56898,32,55357,56425,8205,55357,56615],"glyphs":[{"id":1450,"cluster":8},{"id":65535,"cluster":8},{"id":65535,"cluster":8}]}
QCAE_FT_AAT_TRACE {"message":"skipped chainsubtable 13 because no glyph matches","engine":"0x896afe400","engine_type":4,"pixel_size":14,"utf16":[78,111,100,101,32,55357,56898,32,55357,56425,8205,55357,56615],"glyphs":[{"id":1450,"cluster":8},{"id":65535,"cluster":8},{"id":65535,"cluster":8}]}
QCAE_FT_AAT_TRACE {"message":"skipped chainsubtable 14 because no glyph matches","engine":"0x896afe400","engine_type":4,"pixel_size":14,"utf16":[78,111,100,101,32,55357,56898,32,55357,56425,8205,55357,56615],"glyphs":[{"id":1450,"cluster":8},{"id":65535,"cluster":8},{"id":65535,"cluster":8}]}
QCAE_FT_AAT_TRACE {"message":"skipped chainsubtable 15 because no glyph matches","engine":"0x896afe400","engine_type":4,"pixel_size":14,"utf16":[78,111,100,101,32,55357,56898,32,55357,56425,8205,55357,56615],"glyphs":[{"id":1450,"cluster":8},{"id":65535,"cluster":8},{"id":65535,"cluster":8}]}
QCAE_FT_AAT_TRACE {"message":"start chainsubtable 24","engine":"0x896afe400","engine_type":4,"pixel_size":14,"utf16":[78,111,100,101,32,55357,56898,32,55357,56425,8205,55357,56615],"glyphs":[{"id":1450,"cluster":8},{"id":65535,"cluster":8},{"id":65535,"cluster":8}]}
QCAE_FT_AAT_TRACE {"message":"end chainsubtable 24","engine":"0x896afe400","engine_type":4,"pixel_size":14,"utf16":[78,111,100,101,32,55357,56898,32,55357,56425,8205,55357,56615],"glyphs":[{"id":1450,"cluster":8},{"id":65535,"cluster":8},{"id":65535,"cluster":8}]}
QCAE_FT_AAT_TRACE {"message":"end table morx","engine":"0x896afe400","engine_type":4,"pixel_size":14,"utf16":[78,111,100,101,32,55357,56898,32,55357,56425,8205,55357,56615],"glyphs":[{"id":1450,"cluster":8},{"id":65535,"cluster":8},{"id":65535,"cluster":8}]}
QCAE_FT_AAT_TRACE {"message":"start table GPOS script tag ''","engine":"0x896afe400","engine_type":4,"pixel_size":14,"utf16":[78,111,100,101,32,55357,56898,32,55357,56425,8205,55357,56615],"glyphs":[{"id":1450,"cluster":8}]}
QCAE_FT_AAT_TRACE {"message":"start lookup 0 feature 'mark'","engine":"0x896afe400","engine_type":4,"pixel_size":14,"utf16":[78,111,100,101,32,55357,56898,32,55357,56425,8205,55357,56615],"glyphs":[{"id":1450,"cluster":8}]}
QCAE_FT_AAT_TRACE {"message":"skipped lookup 0 feature 'mark' because no glyph matches","engine":"0x896afe400","engine_type":4,"pixel_size":14,"utf16":[78,111,100,101,32,55357,56898,32,55357,56425,8205,55357,56615],"glyphs":[{"id":1450,"cluster":8}]}
QCAE_FT_AAT_TRACE {"message":"end lookup 0 feature 'mark'","engine":"0x896afe400","engine_type":4,"pixel_size":14,"utf16":[78,111,100,101,32,55357,56898,32,55357,56425,8205,55357,56615],"glyphs":[{"id":1450,"cluster":8}]}
QCAE_FT_AAT_TRACE {"message":"end table GPOS script tag ''","engine":"0x896afe400","engine_type":4,"pixel_size":14,"utf16":[78,111,100,101,32,55357,56898,32,55357,56425,8205,55357,56615],"glyphs":[{"id":1450,"cluster":8}]}
QCAE_FT_AAT_TRACE {"message":"final-shape-result","engine":"0x896afe400","engine_type":4,"pixel_size":14,"utf16":[78,111,100,101,32,55357,56898,32,55357,56425,8205,55357,56615],"glyphs":[{"id":1450,"cluster":8}]}
QCAE_FT_AAT_TRACE {"message":"end chainsubtable 11","engine":"0x896afe400","engine_type":4,"pixel_size":14,"utf16":[78,111,100,101,32,55357,56898,32,55357,56425,8205,55357,56615],"glyphs":[{"id":1450,"cluster":8},{"id":65535,"cluster":8},{"id":65535,"cluster":8}]}
QCAE_FT_AAT_TRACE {"message":"skipped chainsubtable 12 because no glyph matches","engine":"0x896afe400","engine_type":4,"pixel_size":14,"utf16":[78,111,100,101,32,55357,56898,32,55357,56425,8205,55357,56615],"glyphs":[{"id":1450,"cluster":8},{"id":65535,"cluster":8},{"id":65535,"cluster":8}]}
QCAE_FT_AAT_TRACE {"message":"skipped chainsubtable 13 because no glyph matches","engine":"0x896afe400","engine_type":4,"pixel_size":14,"utf16":[78,111,100,101,32,55357,56898,32,55357,56425,8205,55357,56615],"glyphs":[{"id":1450,"cluster":8},{"id":65535,"cluster":8},{"id":65535,"cluster":8}]}
QCAE_FT_AAT_TRACE {"message":"skipped chainsubtable 14 because no glyph matches","engine":"0x896afe400","engine_type":4,"pixel_size":14,"utf16":[78,111,100,101,32,55357,56898,32,55357,56425,8205,55357,56615],"glyphs":[{"id":1450,"cluster":8},{"id":65535,"cluster":8},{"id":65535,"cluster":8}]}
QCAE_FT_AAT_TRACE {"message":"skipped chainsubtable 15 because no glyph matches","engine":"0x896afe400","engine_type":4,"pixel_size":14,"utf16":[78,111,100,101,32,55357,56898,32,55357,56425,8205,55357,56615],"glyphs":[{"id":1450,"cluster":8},{"id":65535,"cluster":8},{"id":65535,"cluster":8}]}
QCAE_FT_AAT_TRACE {"message":"start chainsubtable 24","engine":"0x896afe400","engine_type":4,"pixel_size":14,"utf16":[78,111,100,101,32,55357,56898,32,55357,56425,8205,55357,56615],"glyphs":[{"id":1450,"cluster":8},{"id":65535,"cluster":8},{"id":65535,"cluster":8}]}
QCAE_FT_AAT_TRACE {"message":"end chainsubtable 24","engine":"0x896afe400","engine_type":4,"pixel_size":14,"utf16":[78,111,100,101,32,55357,56898,32,55357,56425,8205,55357,56615],"glyphs":[{"id":1450,"cluster":8},{"id":65535,"cluster":8},{"id":65535,"cluster":8}]}
QCAE_FT_AAT_TRACE {"message":"end table morx","engine":"0x896afe400","engine_type":4,"pixel_size":14,"utf16":[78,111,100,101,32,55357,56898,32,55357,56425,8205,55357,56615],"glyphs":[{"id":1450,"cluster":8},{"id":65535,"cluster":8},{"id":65535,"cluster":8}]}
QCAE_FT_AAT_TRACE {"message":"start table GPOS script tag ''","engine":"0x896afe400","engine_type":4,"pixel_size":14,"utf16":[78,111,100,101,32,55357,56898,32,55357,56425,8205,55357,56615],"glyphs":[{"id":1450,"cluster":8}]}
QCAE_FT_AAT_TRACE {"message":"start lookup 0 feature 'mark'","engine":"0x896afe400","engine_type":4,"pixel_size":14,"utf16":[78,111,100,101,32,55357,56898,32,55357,56425,8205,55357,56615],"glyphs":[{"id":1450,"cluster":8}]}
QCAE_FT_AAT_TRACE {"message":"skipped lookup 0 feature 'mark' because no glyph matches","engine":"0x896afe400","engine_type":4,"pixel_size":14,"utf16":[78,111,100,101,32,55357,56898,32,55357,56425,8205,55357,56615],"glyphs":[{"id":1450,"cluster":8}]}
QCAE_FT_AAT_TRACE {"message":"end lookup 0 feature 'mark'","engine":"0x896afe400","engine_type":4,"pixel_size":14,"utf16":[78,111,100,101,32,55357,56898,32,55357,56425,8205,55357,56615],"glyphs":[{"id":1450,"cluster":8}]}
QCAE_FT_AAT_TRACE {"message":"end table GPOS script tag ''","engine":"0x896afe400","engine_type":4,"pixel_size":14,"utf16":[78,111,100,101,32,55357,56898,32,55357,56425,8205,55357,56615],"glyphs":[{"id":1450,"cluster":8}]}
QCAE_FT_AAT_TRACE {"message":"final-shape-result","engine":"0x896afe400","engine_type":4,"pixel_size":14,"utf16":[78,111,100,101,32,55357,56898,32,55357,56425,8205,55357,56615],"glyphs":[{"id":1450,"cluster":8}]}
QCAE_FT_AAT_TRACE {"message":"end chainsubtable 11","engine":"0x896afe400","engine_type":4,"pixel_size":14,"utf16":[78,111,100,101,32,55357,56898,32,55357,56425,8205,55357,56615],"glyphs":[{"id":1450,"cluster":8},{"id":65535,"cluster":8},{"id":65535,"cluster":8}]}
QCAE_FT_AAT_TRACE {"message":"skipped chainsubtable 12 because no glyph matches","engine":"0x896afe400","engine_type":4,"pixel_size":14,"utf16":[78,111,100,101,32,55357,56898,32,55357,56425,8205,55357,56615],"glyphs":[{"id":1450,"cluster":8},{"id":65535,"cluster":8},{"id":65535,"cluster":8}]}
QCAE_FT_AAT_TRACE {"message":"skipped chainsubtable 13 because no glyph matches","engine":"0x896afe400","engine_type":4,"pixel_size":14,"utf16":[78,111,100,101,32,55357,56898,32,55357,56425,8205,55357,56615],"glyphs":[{"id":1450,"cluster":8},{"id":65535,"cluster":8},{"id":65535,"cluster":8}]}
QCAE_FT_AAT_TRACE {"message":"skipped chainsubtable 14 because no glyph matches","engine":"0x896afe400","engine_type":4,"pixel_size":14,"utf16":[78,111,100,101,32,55357,56898,32,55357,56425,8205,55357,56615],"glyphs":[{"id":1450,"cluster":8},{"id":65535,"cluster":8},{"id":65535,"cluster":8}]}
QCAE_FT_AAT_TRACE {"message":"skipped chainsubtable 15 because no glyph matches","engine":"0x896afe400","engine_type":4,"pixel_size":14,"utf16":[78,111,100,101,32,55357,56898,32,55357,56425,8205,55357,56615],"glyphs":[{"id":1450,"cluster":8},{"id":65535,"cluster":8},{"id":65535,"cluster":8}]}
QCAE_FT_AAT_TRACE {"message":"start chainsubtable 24","engine":"0x896afe400","engine_type":4,"pixel_size":14,"utf16":[78,111,100,101,32,55357,56898,32,55357,56425,8205,55357,56615],"glyphs":[{"id":1450,"cluster":8},{"id":65535,"cluster":8},{"id":65535,"cluster":8}]}
QCAE_FT_AAT_TRACE {"message":"end chainsubtable 24","engine":"0x896afe400","engine_type":4,"pixel_size":14,"utf16":[78,111,100,101,32,55357,56898,32,55357,56425,8205,55357,56615],"glyphs":[{"id":1450,"cluster":8},{"id":65535,"cluster":8},{"id":65535,"cluster":8}]}
QCAE_FT_AAT_TRACE {"message":"end table morx","engine":"0x896afe400","engine_type":4,"pixel_size":14,"utf16":[78,111,100,101,32,55357,56898,32,55357,56425,8205,55357,56615],"glyphs":[{"id":1450,"cluster":8},{"id":65535,"cluster":8},{"id":65535,"cluster":8}]}
QCAE_FT_AAT_TRACE {"message":"start table GPOS script tag ''","engine":"0x896afe400","engine_type":4,"pixel_size":14,"utf16":[78,111,100,101,32,55357,56898,32,55357,56425,8205,55357,56615],"glyphs":[{"id":1450,"cluster":8}]}
QCAE_FT_AAT_TRACE {"message":"start lookup 0 feature 'mark'","engine":"0x896afe400","engine_type":4,"pixel_size":14,"utf16":[78,111,100,101,32,55357,56898,32,55357,56425,8205,55357,56615],"glyphs":[{"id":1450,"cluster":8}]}
QCAE_FT_AAT_TRACE {"message":"skipped lookup 0 feature 'mark' because no glyph matches","engine":"0x896afe400","engine_type":4,"pixel_size":14,"utf16":[78,111,100,101,32,55357,56898,32,55357,56425,8205,55357,56615],"glyphs":[{"id":1450,"cluster":8}]}
QCAE_FT_AAT_TRACE {"message":"end lookup 0 feature 'mark'","engine":"0x896afe400","engine_type":4,"pixel_size":14,"utf16":[78,111,100,101,32,55357,56898,32,55357,56425,8205,55357,56615],"glyphs":[{"id":1450,"cluster":8}]}
QCAE_FT_AAT_TRACE {"message":"end table GPOS script tag ''","engine":"0x896afe400","engine_type":4,"pixel_size":14,"utf16":[78,111,100,101,32,55357,56898,32,55357,56425,8205,55357,56615],"glyphs":[{"id":1450,"cluster":8}]}
QCAE_FT_AAT_TRACE {"message":"final-shape-result","engine":"0x896afe400","engine_type":4,"pixel_size":14,"utf16":[78,111,100,101,32,55357,56898,32,55357,56425,8205,55357,56615],"glyphs":[{"id":1450,"cluster":8}]}
QCAE_FT_AAT_TRACE {"message":"end chainsubtable 11","engine":"0x896afe400","engine_type":4,"pixel_size":14,"utf16":[78,111,100,101,32,55357,56898,32,55357,56425,8205,55357,56615],"glyphs":[{"id":1450,"cluster":8},{"id":65535,"cluster":8},{"id":65535,"cluster":8}]}
QCAE_FT_AAT_TRACE {"message":"skipped chainsubtable 12 because no glyph matches","engine":"0x896afe400","engine_type":4,"pixel_size":14,"utf16":[78,111,100,101,32,55357,56898,32,55357,56425,8205,55357,56615],"glyphs":[{"id":1450,"cluster":8},{"id":65535,"cluster":8},{"id":65535,"cluster":8}]}
QCAE_FT_AAT_TRACE {"message":"skipped chainsubtable 13 because no glyph matches","engine":"0x896afe400","engine_type":4,"pixel_size":14,"utf16":[78,111,100,101,32,55357,56898,32,55357,56425,8205,55357,56615],"glyphs":[{"id":1450,"cluster":8},{"id":65535,"cluster":8},{"id":65535,"cluster":8}]}
QCAE_FT_AAT_TRACE {"message":"skipped chainsubtable 14 because no glyph matches","engine":"0x896afe400","engine_type":4,"pixel_size":14,"utf16":[78,111,100,101,32,55357,56898,32,55357,56425,8205,55357,56615],"glyphs":[{"id":1450,"cluster":8},{"id":65535,"cluster":8},{"id":65535,"cluster":8}]}
QCAE_FT_AAT_TRACE {"message":"skipped chainsubtable 15 because no glyph matches","engine":"0x896afe400","engine_type":4,"pixel_size":14,"utf16":[78,111,100,101,32,55357,56898,32,55357,56425,8205,55357,56615],"glyphs":[{"id":1450,"cluster":8},{"id":65535,"cluster":8},{"id":65535,"cluster":8}]}
QCAE_FT_AAT_TRACE {"message":"start chainsubtable 24","engine":"0x896afe400","engine_type":4,"pixel_size":14,"utf16":[78,111,100,101,32,55357,56898,32,55357,56425,8205,55357,56615],"glyphs":[{"id":1450,"cluster":8},{"id":65535,"cluster":8},{"id":65535,"cluster":8}]}
QCAE_FT_AAT_TRACE {"message":"end chainsubtable 24","engine":"0x896afe400","engine_type":4,"pixel_size":14,"utf16":[78,111,100,101,32,55357,56898,32,55357,56425,8205,55357,56615],"glyphs":[{"id":1450,"cluster":8},{"id":65535,"cluster":8},{"id":65535,"cluster":8}]}
QCAE_FT_AAT_TRACE {"message":"end table morx","engine":"0x896afe400","engine_type":4,"pixel_size":14,"utf16":[78,111,100,101,32,55357,56898,32,55357,56425,8205,55357,56615],"glyphs":[{"id":1450,"cluster":8},{"id":65535,"cluster":8},{"id":65535,"cluster":8}]}
QCAE_FT_AAT_TRACE {"message":"start table GPOS script tag ''","engine":"0x896afe400","engine_type":4,"pixel_size":14,"utf16":[78,111,100,101,32,55357,56898,32,55357,56425,8205,55357,56615],"glyphs":[{"id":1450,"cluster":8}]}
QCAE_FT_AAT_TRACE {"message":"start lookup 0 feature 'mark'","engine":"0x896afe400","engine_type":4,"pixel_size":14,"utf16":[78,111,100,101,32,55357,56898,32,55357,56425,8205,55357,56615],"glyphs":[{"id":1450,"cluster":8}]}
QCAE_FT_AAT_TRACE {"message":"skipped lookup 0 feature 'mark' because no glyph matches","engine":"0x896afe400","engine_type":4,"pixel_size":14,"utf16":[78,111,100,101,32,55357,56898,32,55357,56425,8205,55357,56615],"glyphs":[{"id":1450,"cluster":8}]}
QCAE_FT_AAT_TRACE {"message":"end lookup 0 feature 'mark'","engine":"0x896afe400","engine_type":4,"pixel_size":14,"utf16":[78,111,100,101,32,55357,56898,32,55357,56425,8205,55357,56615],"glyphs":[{"id":1450,"cluster":8}]}
QCAE_FT_AAT_TRACE {"message":"end table GPOS script tag ''","engine":"0x896afe400","engine_type":4,"pixel_size":14,"utf16":[78,111,100,101,32,55357,56898,32,55357,56425,8205,55357,56615],"glyphs":[{"id":1450,"cluster":8}]}
QCAE_FT_AAT_TRACE {"message":"final-shape-result","engine":"0x896afe400","engine_type":4,"pixel_size":14,"utf16":[78,111,100,101,32,55357,56898,32,55357,56425,8205,55357,56615],"glyphs":[{"id":1450,"cluster":8}]}
qt.text.font.db: OpenType support missing for ".SF NS Mono", script 11
QCAE_FT_AAT_TRACE {"message":"end chainsubtable 11","engine":"0x896b4a400","engine_type":4,"pixel_size":18,"utf16":[78,111,100,101,32,55357,56898,32,55357,56425,8205,55357,56615],"glyphs":[{"id":1450,"cluster":8},{"id":65535,"cluster":8},{"id":65535,"cluster":8}]}
QCAE_FT_AAT_TRACE {"message":"skipped chainsubtable 12 because no glyph matches","engine":"0x896b4a400","engine_type":4,"pixel_size":18,"utf16":[78,111,100,101,32,55357,56898,32,55357,56425,8205,55357,56615],"glyphs":[{"id":1450,"cluster":8},{"id":65535,"cluster":8},{"id":65535,"cluster":8}]}
QCAE_FT_AAT_TRACE {"message":"skipped chainsubtable 13 because no glyph matches","engine":"0x896b4a400","engine_type":4,"pixel_size":18,"utf16":[78,111,100,101,32,55357,56898,32,55357,56425,8205,55357,56615],"glyphs":[{"id":1450,"cluster":8},{"id":65535,"cluster":8},{"id":65535,"cluster":8}]}
QCAE_FT_AAT_TRACE {"message":"skipped chainsubtable 14 because no glyph matches","engine":"0x896b4a400","engine_type":4,"pixel_size":18,"utf16":[78,111,100,101,32,55357,56898,32,55357,56425,8205,55357,56615],"glyphs":[{"id":1450,"cluster":8},{"id":65535,"cluster":8},{"id":65535,"cluster":8}]}
QCAE_FT_AAT_TRACE {"message":"skipped chainsubtable 15 because no glyph matches","engine":"0x896b4a400","engine_type":4,"pixel_size":18,"utf16":[78,111,100,101,32,55357,56898,32,55357,56425,8205,55357,56615],"glyphs":[{"id":1450,"cluster":8},{"id":65535,"cluster":8},{"id":65535,"cluster":8}]}
QCAE_FT_AAT_TRACE {"message":"start chainsubtable 24","engine":"0x896b4a400","engine_type":4,"pixel_size":18,"utf16":[78,111,100,101,32,55357,56898,32,55357,56425,8205,55357,56615],"glyphs":[{"id":1450,"cluster":8},{"id":65535,"cluster":8},{"id":65535,"cluster":8}]}
QCAE_FT_AAT_TRACE {"message":"end chainsubtable 24","engine":"0x896b4a400","engine_type":4,"pixel_size":18,"utf16":[78,111,100,101,32,55357,56898,32,55357,56425,8205,55357,56615],"glyphs":[{"id":1450,"cluster":8},{"id":65535,"cluster":8},{"id":65535,"cluster":8}]}
QCAE_FT_AAT_TRACE {"message":"end table morx","engine":"0x896b4a400","engine_type":4,"pixel_size":18,"utf16":[78,111,100,101,32,55357,56898,32,55357,56425,8205,55357,56615],"glyphs":[{"id":1450,"cluster":8},{"id":65535,"cluster":8},{"id":65535,"cluster":8}]}
QCAE_FT_AAT_TRACE {"message":"start table GPOS script tag ''","engine":"0x896b4a400","engine_type":4,"pixel_size":18,"utf16":[78,111,100,101,32,55357,56898,32,55357,56425,8205,55357,56615],"glyphs":[{"id":1450,"cluster":8}]}
QCAE_FT_AAT_TRACE {"message":"start lookup 0 feature 'mark'","engine":"0x896b4a400","engine_type":4,"pixel_size":18,"utf16":[78,111,100,101,32,55357,56898,32,55357,56425,8205,55357,56615],"glyphs":[{"id":1450,"cluster":8}]}
QCAE_FT_AAT_TRACE {"message":"skipped lookup 0 feature 'mark' because no glyph matches","engine":"0x896b4a400","engine_type":4,"pixel_size":18,"utf16":[78,111,100,101,32,55357,56898,32,55357,56425,8205,55357,56615],"glyphs":[{"id":1450,"cluster":8}]}
QCAE_FT_AAT_TRACE {"message":"end lookup 0 feature 'mark'","engine":"0x896b4a400","engine_type":4,"pixel_size":18,"utf16":[78,111,100,101,32,55357,56898,32,55357,56425,8205,55357,56615],"glyphs":[{"id":1450,"cluster":8}]}
QCAE_FT_AAT_TRACE {"message":"end table GPOS script tag ''","engine":"0x896b4a400","engine_type":4,"pixel_size":18,"utf16":[78,111,100,101,32,55357,56898,32,55357,56425,8205,55357,56615],"glyphs":[{"id":1450,"cluster":8}]}
QCAE_FT_AAT_TRACE {"message":"final-shape-result","engine":"0x896b4a400","engine_type":4,"pixel_size":18,"utf16":[78,111,100,101,32,55357,56898,32,55357,56425,8205,55357,56615],"glyphs":[{"id":1450,"cluster":8}]}
QCAE_FT_AAT_TRACE {"message":"end chainsubtable 11","engine":"0x896b4a400","engine_type":4,"pixel_size":18,"utf16":[78,111,100,101,32,55357,56898,32,55357,56425,8205,55357,56615],"glyphs":[{"id":1450,"cluster":8},{"id":65535,"cluster":8},{"id":65535,"cluster":8}]}
QCAE_FT_AAT_TRACE {"message":"skipped chainsubtable 12 because no glyph matches","engine":"0x896b4a400","engine_type":4,"pixel_size":18,"utf16":[78,111,100,101,32,55357,56898,32,55357,56425,8205,55357,56615],"glyphs":[{"id":1450,"cluster":8},{"id":65535,"cluster":8},{"id":65535,"cluster":8}]}
QCAE_FT_AAT_TRACE {"message":"skipped chainsubtable 13 because no glyph matches","engine":"0x896b4a400","engine_type":4,"pixel_size":18,"utf16":[78,111,100,101,32,55357,56898,32,55357,56425,8205,55357,56615],"glyphs":[{"id":1450,"cluster":8},{"id":65535,"cluster":8},{"id":65535,"cluster":8}]}
QCAE_FT_AAT_TRACE {"message":"skipped chainsubtable 14 because no glyph matches","engine":"0x896b4a400","engine_type":4,"pixel_size":18,"utf16":[78,111,100,101,32,55357,56898,32,55357,56425,8205,55357,56615],"glyphs":[{"id":1450,"cluster":8},{"id":65535,"cluster":8},{"id":65535,"cluster":8}]}
QCAE_FT_AAT_TRACE {"message":"skipped chainsubtable 15 because no glyph matches","engine":"0x896b4a400","engine_type":4,"pixel_size":18,"utf16":[78,111,100,101,32,55357,56898,32,55357,56425,8205,55357,56615],"glyphs":[{"id":1450,"cluster":8},{"id":65535,"cluster":8},{"id":65535,"cluster":8}]}
QCAE_FT_AAT_TRACE {"message":"start chainsubtable 24","engine":"0x896b4a400","engine_type":4,"pixel_size":18,"utf16":[78,111,100,101,32,55357,56898,32,55357,56425,8205,55357,56615],"glyphs":[{"id":1450,"cluster":8},{"id":65535,"cluster":8},{"id":65535,"cluster":8}]}
QCAE_FT_AAT_TRACE {"message":"end chainsubtable 24","engine":"0x896b4a400","engine_type":4,"pixel_size":18,"utf16":[78,111,100,101,32,55357,56898,32,55357,56425,8205,55357,56615],"glyphs":[{"id":1450,"cluster":8},{"id":65535,"cluster":8},{"id":65535,"cluster":8}]}
QCAE_FT_AAT_TRACE {"message":"end table morx","engine":"0x896b4a400","engine_type":4,"pixel_size":18,"utf16":[78,111,100,101,32,55357,56898,32,55357,56425,8205,55357,56615],"glyphs":[{"id":1450,"cluster":8},{"id":65535,"cluster":8},{"id":65535,"cluster":8}]}
QCAE_FT_AAT_TRACE {"message":"start table GPOS script tag ''","engine":"0x896b4a400","engine_type":4,"pixel_size":18,"utf16":[78,111,100,101,32,55357,56898,32,55357,56425,8205,55357,56615],"glyphs":[{"id":1450,"cluster":8}]}
QCAE_FT_AAT_TRACE {"message":"start lookup 0 feature 'mark'","engine":"0x896b4a400","engine_type":4,"pixel_size":18,"utf16":[78,111,100,101,32,55357,56898,32,55357,56425,8205,55357,56615],"glyphs":[{"id":1450,"cluster":8}]}
QCAE_FT_AAT_TRACE {"message":"skipped lookup 0 feature 'mark' because no glyph matches","engine":"0x896b4a400","engine_type":4,"pixel_size":18,"utf16":[78,111,100,101,32,55357,56898,32,55357,56425,8205,55357,56615],"glyphs":[{"id":1450,"cluster":8}]}
QCAE_FT_AAT_TRACE {"message":"end lookup 0 feature 'mark'","engine":"0x896b4a400","engine_type":4,"pixel_size":18,"utf16":[78,111,100,101,32,55357,56898,32,55357,56425,8205,55357,56615],"glyphs":[{"id":1450,"cluster":8}]}
QCAE_FT_AAT_TRACE {"message":"end table GPOS script tag ''","engine":"0x896b4a400","engine_type":4,"pixel_size":18,"utf16":[78,111,100,101,32,55357,56898,32,55357,56425,8205,55357,56615],"glyphs":[{"id":1450,"cluster":8}]}
QCAE_FT_AAT_TRACE {"message":"final-shape-result","engine":"0x896b4a400","engine_type":4,"pixel_size":18,"utf16":[78,111,100,101,32,55357,56898,32,55357,56425,8205,55357,56615],"glyphs":[{"id":1450,"cluster":8}]}
QCAE_FT_AAT_TRACE {"message":"end chainsubtable 11","engine":"0x896b4a400","engine_type":4,"pixel_size":18,"utf16":[78,111,100,101,32,55357,56898,32,55357,56425,8205,55357,56615],"glyphs":[{"id":1450,"cluster":8},{"id":65535,"cluster":8},{"id":65535,"cluster":8}]}
QCAE_FT_AAT_TRACE {"message":"skipped chainsubtable 12 because no glyph matches","engine":"0x896b4a400","engine_type":4,"pixel_size":18,"utf16":[78,111,100,101,32,55357,56898,32,55357,56425,8205,55357,56615],"glyphs":[{"id":1450,"cluster":8},{"id":65535,"cluster":8},{"id":65535,"cluster":8}]}
QCAE_FT_AAT_TRACE {"message":"skipped chainsubtable 13 because no glyph matches","engine":"0x896b4a400","engine_type":4,"pixel_size":18,"utf16":[78,111,100,101,32,55357,56898,32,55357,56425,8205,55357,56615],"glyphs":[{"id":1450,"cluster":8},{"id":65535,"cluster":8},{"id":65535,"cluster":8}]}
QCAE_FT_AAT_TRACE {"message":"skipped chainsubtable 14 because no glyph matches","engine":"0x896b4a400","engine_type":4,"pixel_size":18,"utf16":[78,111,100,101,32,55357,56898,32,55357,56425,8205,55357,56615],"glyphs":[{"id":1450,"cluster":8},{"id":65535,"cluster":8},{"id":65535,"cluster":8}]}
QCAE_FT_AAT_TRACE {"message":"skipped chainsubtable 15 because no glyph matches","engine":"0x896b4a400","engine_type":4,"pixel_size":18,"utf16":[78,111,100,101,32,55357,56898,32,55357,56425,8205,55357,56615],"glyphs":[{"id":1450,"cluster":8},{"id":65535,"cluster":8},{"id":65535,"cluster":8}]}
QCAE_FT_AAT_TRACE {"message":"start chainsubtable 24","engine":"0x896b4a400","engine_type":4,"pixel_size":18,"utf16":[78,111,100,101,32,55357,56898,32,55357,56425,8205,55357,56615],"glyphs":[{"id":1450,"cluster":8},{"id":65535,"cluster":8},{"id":65535,"cluster":8}]}
QCAE_FT_AAT_TRACE {"message":"end chainsubtable 24","engine":"0x896b4a400","engine_type":4,"pixel_size":18,"utf16":[78,111,100,101,32,55357,56898,32,55357,56425,8205,55357,56615],"glyphs":[{"id":1450,"cluster":8},{"id":65535,"cluster":8},{"id":65535,"cluster":8}]}
QCAE_FT_AAT_TRACE {"message":"end table morx","engine":"0x896b4a400","engine_type":4,"pixel_size":18,"utf16":[78,111,100,101,32,55357,56898,32,55357,56425,8205,55357,56615],"glyphs":[{"id":1450,"cluster":8},{"id":65535,"cluster":8},{"id":65535,"cluster":8}]}
QCAE_FT_AAT_TRACE {"message":"start table GPOS script tag ''","engine":"0x896b4a400","engine_type":4,"pixel_size":18,"utf16":[78,111,100,101,32,55357,56898,32,55357,56425,8205,55357,56615],"glyphs":[{"id":1450,"cluster":8}]}
QCAE_FT_AAT_TRACE {"message":"start lookup 0 feature 'mark'","engine":"0x896b4a400","engine_type":4,"pixel_size":18,"utf16":[78,111,100,101,32,55357,56898,32,55357,56425,8205,55357,56615],"glyphs":[{"id":1450,"cluster":8}]}
QCAE_FT_AAT_TRACE {"message":"skipped lookup 0 feature 'mark' because no glyph matches","engine":"0x896b4a400","engine_type":4,"pixel_size":18,"utf16":[78,111,100,101,32,55357,56898,32,55357,56425,8205,55357,56615],"glyphs":[{"id":1450,"cluster":8}]}
QCAE_FT_AAT_TRACE {"message":"end lookup 0 feature 'mark'","engine":"0x896b4a400","engine_type":4,"pixel_size":18,"utf16":[78,111,100,101,32,55357,56898,32,55357,56425,8205,55357,56615],"glyphs":[{"id":1450,"cluster":8}]}
QCAE_FT_AAT_TRACE {"message":"end table GPOS script tag ''","engine":"0x896b4a400","engine_type":4,"pixel_size":18,"utf16":[78,111,100,101,32,55357,56898,32,55357,56425,8205,55357,56615],"glyphs":[{"id":1450,"cluster":8}]}
QCAE_FT_AAT_TRACE {"message":"final-shape-result","engine":"0x896b4a400","engine_type":4,"pixel_size":18,"utf16":[78,111,100,101,32,55357,56898,32,55357,56425,8205,55357,56615],"glyphs":[{"id":1450,"cluster":8}]}
QCAE_FT_AAT_TRACE {"message":"end chainsubtable 11","engine":"0x896b4a400","engine_type":4,"pixel_size":18,"utf16":[78,111,100,101,32,55357,56898,32,55357,56425,8205,55357,56615],"glyphs":[{"id":1450,"cluster":8},{"id":65535,"cluster":8},{"id":65535,"cluster":8}]}
QCAE_FT_AAT_TRACE {"message":"skipped chainsubtable 12 because no glyph matches","engine":"0x896b4a400","engine_type":4,"pixel_size":18,"utf16":[78,111,100,101,32,55357,56898,32,55357,56425,8205,55357,56615],"glyphs":[{"id":1450,"cluster":8},{"id":65535,"cluster":8},{"id":65535,"cluster":8}]}
QCAE_FT_AAT_TRACE {"message":"skipped chainsubtable 13 because no glyph matches","engine":"0x896b4a400","engine_type":4,"pixel_size":18,"utf16":[78,111,100,101,32,55357,56898,32,55357,56425,8205,55357,56615],"glyphs":[{"id":1450,"cluster":8},{"id":65535,"cluster":8},{"id":65535,"cluster":8}]}
QCAE_FT_AAT_TRACE {"message":"skipped chainsubtable 14 because no glyph matches","engine":"0x896b4a400","engine_type":4,"pixel_size":18,"utf16":[78,111,100,101,32,55357,56898,32,55357,56425,8205,55357,56615],"glyphs":[{"id":1450,"cluster":8},{"id":65535,"cluster":8},{"id":65535,"cluster":8}]}
QCAE_FT_AAT_TRACE {"message":"skipped chainsubtable 15 because no glyph matches","engine":"0x896b4a400","engine_type":4,"pixel_size":18,"utf16":[78,111,100,101,32,55357,56898,32,55357,56425,8205,55357,56615],"glyphs":[{"id":1450,"cluster":8},{"id":65535,"cluster":8},{"id":65535,"cluster":8}]}
QCAE_FT_AAT_TRACE {"message":"start chainsubtable 24","engine":"0x896b4a400","engine_type":4,"pixel_size":18,"utf16":[78,111,100,101,32,55357,56898,32,55357,56425,8205,55357,56615],"glyphs":[{"id":1450,"cluster":8},{"id":65535,"cluster":8},{"id":65535,"cluster":8}]}
QCAE_FT_AAT_TRACE {"message":"end chainsubtable 24","engine":"0x896b4a400","engine_type":4,"pixel_size":18,"utf16":[78,111,100,101,32,55357,56898,32,55357,56425,8205,55357,56615],"glyphs":[{"id":1450,"cluster":8},{"id":65535,"cluster":8},{"id":65535,"cluster":8}]}
QCAE_FT_AAT_TRACE {"message":"end table morx","engine":"0x896b4a400","engine_type":4,"pixel_size":18,"utf16":[78,111,100,101,32,55357,56898,32,55357,56425,8205,55357,56615],"glyphs":[{"id":1450,"cluster":8},{"id":65535,"cluster":8},{"id":65535,"cluster":8}]}
QCAE_FT_AAT_TRACE {"message":"start table GPOS script tag ''","engine":"0x896b4a400","engine_type":4,"pixel_size":18,"utf16":[78,111,100,101,32,55357,56898,32,55357,56425,8205,55357,56615],"glyphs":[{"id":1450,"cluster":8}]}
QCAE_FT_AAT_TRACE {"message":"start lookup 0 feature 'mark'","engine":"0x896b4a400","engine_type":4,"pixel_size":18,"utf16":[78,111,100,101,32,55357,56898,32,55357,56425,8205,55357,56615],"glyphs":[{"id":1450,"cluster":8}]}
QCAE_FT_AAT_TRACE {"message":"skipped lookup 0 feature 'mark' because no glyph matches","engine":"0x896b4a400","engine_type":4,"pixel_size":18,"utf16":[78,111,100,101,32,55357,56898,32,55357,56425,8205,55357,56615],"glyphs":[{"id":1450,"cluster":8}]}
QCAE_FT_AAT_TRACE {"message":"end lookup 0 feature 'mark'","engine":"0x896b4a400","engine_type":4,"pixel_size":18,"utf16":[78,111,100,101,32,55357,56898,32,55357,56425,8205,55357,56615],"glyphs":[{"id":1450,"cluster":8}]}
QCAE_FT_AAT_TRACE {"message":"end table GPOS script tag ''","engine":"0x896b4a400","engine_type":4,"pixel_size":18,"utf16":[78,111,100,101,32,55357,56898,32,55357,56425,8205,55357,56615],"glyphs":[{"id":1450,"cluster":8}]}
QCAE_FT_AAT_TRACE {"message":"final-shape-result","engine":"0x896b4a400","engine_type":4,"pixel_size":18,"utf16":[78,111,100,101,32,55357,56898,32,55357,56425,8205,55357,56615],"glyphs":[{"id":1450,"cluster":8}]}
QCAE_FT_AAT_TRACE {"message":"end chainsubtable 3","engine":"0x896b89800","engine_type":4,"pixel_size":14,"utf16":[99,97,102,233,32,65,778,32,102,105,32,102,102,105],"glyphs":[{"id":192,"cluster":8},{"id":65535,"cluster":8}]}
QCAE_FT_AAT_TRACE {"message":"skipped chainsubtable 4 because no glyph matches","engine":"0x896b89800","engine_type":4,"pixel_size":14,"utf16":[99,97,102,233,32,65,778,32,102,105,32,102,102,105],"glyphs":[{"id":192,"cluster":8},{"id":65535,"cluster":8}]}
QCAE_FT_AAT_TRACE {"message":"end table morx","engine":"0x896b89800","engine_type":4,"pixel_size":14,"utf16":[99,97,102,233,32,65,778,32,102,105,32,102,102,105],"glyphs":[{"id":192,"cluster":8},{"id":65535,"cluster":8}]}
load glyph failed err=6 face=0x896b5aa00, glyph=65535
QCAE_FT_AAT_TRACE {"message":"start table kern","engine":"0x896b89800","engine_type":4,"pixel_size":14,"utf16":[99,97,102,233,32,65,778,32,102,105,32,102,102,105],"glyphs":[{"id":192,"cluster":8},{"id":65535,"cluster":8}]}
QCAE_FT_AAT_TRACE {"message":"skipped subtable 0 because no glyph matches","engine":"0x896b89800","engine_type":4,"pixel_size":14,"utf16":[99,97,102,233,32,65,778,32,102,105,32,102,102,105],"glyphs":[{"id":192,"cluster":8},{"id":65535,"cluster":8}]}
QCAE_FT_AAT_TRACE {"message":"end table kern","engine":"0x896b89800","engine_type":4,"pixel_size":14,"utf16":[99,97,102,233,32,65,778,32,102,105,32,102,102,105],"glyphs":[{"id":192,"cluster":8},{"id":65535,"cluster":8}]}
QCAE_FT_AAT_TRACE {"message":"start fallback mark","engine":"0x896b89800","engine_type":4,"pixel_size":14,"utf16":[99,97,102,233,32,65,778,32,102,105,32,102,102,105],"glyphs":[{"id":192,"cluster":8},{"id":65535,"cluster":8}]}
QCAE_FT_AAT_TRACE {"message":"end fallback mark","engine":"0x896b89800","engine_type":4,"pixel_size":14,"utf16":[99,97,102,233,32,65,778,32,102,105,32,102,102,105],"glyphs":[{"id":192,"cluster":8},{"id":65535,"cluster":8}]}
QCAE_FT_AAT_TRACE {"message":"final-shape-result","engine":"0x896b89800","engine_type":4,"pixel_size":14,"utf16":[99,97,102,233,32,65,778,32,102,105,32,102,102,105],"glyphs":[{"id":192,"cluster":8}]}
QCAE_FT_AAT_TRACE {"message":"end chainsubtable 3","engine":"0x896b89800","engine_type":4,"pixel_size":14,"utf16":[99,97,102,233,32,65,778,32,102,105,32,102,102,105],"glyphs":[{"id":73,"cluster":11},{"id":192,"cluster":12},{"id":65535,"cluster":12}]}
QCAE_FT_AAT_TRACE {"message":"start chainsubtable 4","engine":"0x896b89800","engine_type":4,"pixel_size":14,"utf16":[99,97,102,233,32,65,778,32,102,105,32,102,102,105],"glyphs":[{"id":73,"cluster":11},{"id":192,"cluster":12},{"id":65535,"cluster":12}]}
QCAE_FT_AAT_TRACE {"message":"end chainsubtable 4","engine":"0x896b89800","engine_type":4,"pixel_size":14,"utf16":[99,97,102,233,32,65,778,32,102,105,32,102,102,105],"glyphs":[{"id":73,"cluster":11},{"id":192,"cluster":12},{"id":65535,"cluster":12}]}
QCAE_FT_AAT_TRACE {"message":"end table morx","engine":"0x896b89800","engine_type":4,"pixel_size":14,"utf16":[99,97,102,233,32,65,778,32,102,105,32,102,102,105],"glyphs":[{"id":73,"cluster":11},{"id":192,"cluster":12},{"id":65535,"cluster":12}]}
QCAE_FT_AAT_TRACE {"message":"start table kern","engine":"0x896b89800","engine_type":4,"pixel_size":14,"utf16":[99,97,102,233,32,65,778,32,102,105,32,102,102,105],"glyphs":[{"id":73,"cluster":11},{"id":192,"cluster":12},{"id":65535,"cluster":12}]}
QCAE_FT_AAT_TRACE {"message":"start subtable 0","engine":"0x896b89800","engine_type":4,"pixel_size":14,"utf16":[99,97,102,233,32,65,778,32,102,105,32,102,102,105],"glyphs":[{"id":73,"cluster":11},{"id":192,"cluster":12},{"id":65535,"cluster":12}]}
QCAE_FT_AAT_TRACE {"message":"start kern","engine":"0x896b89800","engine_type":4,"pixel_size":14,"utf16":[99,97,102,233,32,65,778,32,102,105,32,102,102,105],"glyphs":[{"id":73,"cluster":11},{"id":192,"cluster":12},{"id":65535,"cluster":12}]}
QCAE_FT_AAT_TRACE {"message":"end kern","engine":"0x896b89800","engine_type":4,"pixel_size":14,"utf16":[99,97,102,233,32,65,778,32,102,105,32,102,102,105],"glyphs":[{"id":73,"cluster":11},{"id":192,"cluster":12},{"id":65535,"cluster":12}]}
QCAE_FT_AAT_TRACE {"message":"end subtable 0","engine":"0x896b89800","engine_type":4,"pixel_size":14,"utf16":[99,97,102,233,32,65,778,32,102,105,32,102,102,105],"glyphs":[{"id":73,"cluster":11},{"id":192,"cluster":12},{"id":65535,"cluster":12}]}
QCAE_FT_AAT_TRACE {"message":"end table kern","engine":"0x896b89800","engine_type":4,"pixel_size":14,"utf16":[99,97,102,233,32,65,778,32,102,105,32,102,102,105],"glyphs":[{"id":73,"cluster":11},{"id":192,"cluster":12},{"id":65535,"cluster":12}]}
QCAE_FT_AAT_TRACE {"message":"start fallback mark","engine":"0x896b89800","engine_type":4,"pixel_size":14,"utf16":[99,97,102,233,32,65,778,32,102,105,32,102,102,105],"glyphs":[{"id":73,"cluster":11},{"id":192,"cluster":12},{"id":65535,"cluster":12}]}
QCAE_FT_AAT_TRACE {"message":"end fallback mark","engine":"0x896b89800","engine_type":4,"pixel_size":14,"utf16":[99,97,102,233,32,65,778,32,102,105,32,102,102,105],"glyphs":[{"id":73,"cluster":11},{"id":192,"cluster":12},{"id":65535,"cluster":12}]}
QCAE_FT_AAT_TRACE {"message":"final-shape-result","engine":"0x896b89800","engine_type":4,"pixel_size":14,"utf16":[99,97,102,233,32,65,778,32,102,105,32,102,102,105],"glyphs":[{"id":73,"cluster":11},{"id":192,"cluster":12}]}
QCAE_FT_AAT_TRACE {"message":"end chainsubtable 3","engine":"0x896b89800","engine_type":4,"pixel_size":14,"utf16":[99,97,102,233,32,65,778,32,102,105,32,102,102,105],"glyphs":[{"id":192,"cluster":8},{"id":65535,"cluster":8}]}
QCAE_FT_AAT_TRACE {"message":"skipped chainsubtable 4 because no glyph matches","engine":"0x896b89800","engine_type":4,"pixel_size":14,"utf16":[99,97,102,233,32,65,778,32,102,105,32,102,102,105],"glyphs":[{"id":192,"cluster":8},{"id":65535,"cluster":8}]}
QCAE_FT_AAT_TRACE {"message":"end table morx","engine":"0x896b89800","engine_type":4,"pixel_size":14,"utf16":[99,97,102,233,32,65,778,32,102,105,32,102,102,105],"glyphs":[{"id":192,"cluster":8},{"id":65535,"cluster":8}]}
QCAE_FT_AAT_TRACE {"message":"start table kern","engine":"0x896b89800","engine_type":4,"pixel_size":14,"utf16":[99,97,102,233,32,65,778,32,102,105,32,102,102,105],"glyphs":[{"id":192,"cluster":8},{"id":65535,"cluster":8}]}
QCAE_FT_AAT_TRACE {"message":"skipped subtable 0 because no glyph matches","engine":"0x896b89800","engine_type":4,"pixel_size":14,"utf16":[99,97,102,233,32,65,778,32,102,105,32,102,102,105],"glyphs":[{"id":192,"cluster":8},{"id":65535,"cluster":8}]}
QCAE_FT_AAT_TRACE {"message":"end table kern","engine":"0x896b89800","engine_type":4,"pixel_size":14,"utf16":[99,97,102,233,32,65,778,32,102,105,32,102,102,105],"glyphs":[{"id":192,"cluster":8},{"id":65535,"cluster":8}]}
QCAE_FT_AAT_TRACE {"message":"start fallback mark","engine":"0x896b89800","engine_type":4,"pixel_size":14,"utf16":[99,97,102,233,32,65,778,32,102,105,32,102,102,105],"glyphs":[{"id":192,"cluster":8},{"id":65535,"cluster":8}]}
QCAE_FT_AAT_TRACE {"message":"end fallback mark","engine":"0x896b89800","engine_type":4,"pixel_size":14,"utf16":[99,97,102,233,32,65,778,32,102,105,32,102,102,105],"glyphs":[{"id":192,"cluster":8},{"id":65535,"cluster":8}]}
QCAE_FT_AAT_TRACE {"message":"final-shape-result","engine":"0x896b89800","engine_type":4,"pixel_size":14,"utf16":[99,97,102,233,32,65,778,32,102,105,32,102,102,105],"glyphs":[{"id":192,"cluster":8}]}
QCAE_FT_AAT_TRACE {"message":"end chainsubtable 3","engine":"0x896b89800","engine_type":4,"pixel_size":14,"utf16":[99,97,102,233,32,65,778,32,102,105,32,102,102,105],"glyphs":[{"id":73,"cluster":11},{"id":192,"cluster":12},{"id":65535,"cluster":12}]}
QCAE_FT_AAT_TRACE {"message":"start chainsubtable 4","engine":"0x896b89800","engine_type":4,"pixel_size":14,"utf16":[99,97,102,233,32,65,778,32,102,105,32,102,102,105],"glyphs":[{"id":73,"cluster":11},{"id":192,"cluster":12},{"id":65535,"cluster":12}]}
QCAE_FT_AAT_TRACE {"message":"end chainsubtable 4","engine":"0x896b89800","engine_type":4,"pixel_size":14,"utf16":[99,97,102,233,32,65,778,32,102,105,32,102,102,105],"glyphs":[{"id":73,"cluster":11},{"id":192,"cluster":12},{"id":65535,"cluster":12}]}
QCAE_FT_AAT_TRACE {"message":"end table morx","engine":"0x896b89800","engine_type":4,"pixel_size":14,"utf16":[99,97,102,233,32,65,778,32,102,105,32,102,102,105],"glyphs":[{"id":73,"cluster":11},{"id":192,"cluster":12},{"id":65535,"cluster":12}]}
QCAE_FT_AAT_TRACE {"message":"start table kern","engine":"0x896b89800","engine_type":4,"pixel_size":14,"utf16":[99,97,102,233,32,65,778,32,102,105,32,102,102,105],"glyphs":[{"id":73,"cluster":11},{"id":192,"cluster":12},{"id":65535,"cluster":12}]}
QCAE_FT_AAT_TRACE {"message":"start subtable 0","engine":"0x896b89800","engine_type":4,"pixel_size":14,"utf16":[99,97,102,233,32,65,778,32,102,105,32,102,102,105],"glyphs":[{"id":73,"cluster":11},{"id":192,"cluster":12},{"id":65535,"cluster":12}]}
QCAE_FT_AAT_TRACE {"message":"start kern","engine":"0x896b89800","engine_type":4,"pixel_size":14,"utf16":[99,97,102,233,32,65,778,32,102,105,32,102,102,105],"glyphs":[{"id":73,"cluster":11},{"id":192,"cluster":12},{"id":65535,"cluster":12}]}
QCAE_FT_AAT_TRACE {"message":"end kern","engine":"0x896b89800","engine_type":4,"pixel_size":14,"utf16":[99,97,102,233,32,65,778,32,102,105,32,102,102,105],"glyphs":[{"id":73,"cluster":11},{"id":192,"cluster":12},{"id":65535,"cluster":12}]}
QCAE_FT_AAT_TRACE {"message":"end subtable 0","engine":"0x896b89800","engine_type":4,"pixel_size":14,"utf16":[99,97,102,233,32,65,778,32,102,105,32,102,102,105],"glyphs":[{"id":73,"cluster":11},{"id":192,"cluster":12},{"id":65535,"cluster":12}]}
QCAE_FT_AAT_TRACE {"message":"end table kern","engine":"0x896b89800","engine_type":4,"pixel_size":14,"utf16":[99,97,102,233,32,65,778,32,102,105,32,102,102,105],"glyphs":[{"id":73,"cluster":11},{"id":192,"cluster":12},{"id":65535,"cluster":12}]}
QCAE_FT_AAT_TRACE {"message":"start fallback mark","engine":"0x896b89800","engine_type":4,"pixel_size":14,"utf16":[99,97,102,233,32,65,778,32,102,105,32,102,102,105],"glyphs":[{"id":73,"cluster":11},{"id":192,"cluster":12},{"id":65535,"cluster":12}]}
QCAE_FT_AAT_TRACE {"message":"end fallback mark","engine":"0x896b89800","engine_type":4,"pixel_size":14,"utf16":[99,97,102,233,32,65,778,32,102,105,32,102,102,105],"glyphs":[{"id":73,"cluster":11},{"id":192,"cluster":12},{"id":65535,"cluster":12}]}
QCAE_FT_AAT_TRACE {"message":"final-shape-result","engine":"0x896b89800","engine_type":4,"pixel_size":14,"utf16":[99,97,102,233,32,65,778,32,102,105,32,102,102,105],"glyphs":[{"id":73,"cluster":11},{"id":192,"cluster":12}]}
QCAE_FT_AAT_TRACE {"message":"end chainsubtable 3","engine":"0x896b89800","engine_type":4,"pixel_size":14,"utf16":[99,97,102,233,32,65,778,32,102,105,32,102,102,105],"glyphs":[{"id":192,"cluster":8},{"id":65535,"cluster":8}]}
QCAE_FT_AAT_TRACE {"message":"skipped chainsubtable 4 because no glyph matches","engine":"0x896b89800","engine_type":4,"pixel_size":14,"utf16":[99,97,102,233,32,65,778,32,102,105,32,102,102,105],"glyphs":[{"id":192,"cluster":8},{"id":65535,"cluster":8}]}
QCAE_FT_AAT_TRACE {"message":"end table morx","engine":"0x896b89800","engine_type":4,"pixel_size":14,"utf16":[99,97,102,233,32,65,778,32,102,105,32,102,102,105],"glyphs":[{"id":192,"cluster":8},{"id":65535,"cluster":8}]}
QCAE_FT_AAT_TRACE {"message":"start table kern","engine":"0x896b89800","engine_type":4,"pixel_size":14,"utf16":[99,97,102,233,32,65,778,32,102,105,32,102,102,105],"glyphs":[{"id":192,"cluster":8},{"id":65535,"cluster":8}]}
QCAE_FT_AAT_TRACE {"message":"skipped subtable 0 because no glyph matches","engine":"0x896b89800","engine_type":4,"pixel_size":14,"utf16":[99,97,102,233,32,65,778,32,102,105,32,102,102,105],"glyphs":[{"id":192,"cluster":8},{"id":65535,"cluster":8}]}
QCAE_FT_AAT_TRACE {"message":"end table kern","engine":"0x896b89800","engine_type":4,"pixel_size":14,"utf16":[99,97,102,233,32,65,778,32,102,105,32,102,102,105],"glyphs":[{"id":192,"cluster":8},{"id":65535,"cluster":8}]}
QCAE_FT_AAT_TRACE {"message":"start fallback mark","engine":"0x896b89800","engine_type":4,"pixel_size":14,"utf16":[99,97,102,233,32,65,778,32,102,105,32,102,102,105],"glyphs":[{"id":192,"cluster":8},{"id":65535,"cluster":8}]}
QCAE_FT_AAT_TRACE {"message":"end fallback mark","engine":"0x896b89800","engine_type":4,"pixel_size":14,"utf16":[99,97,102,233,32,65,778,32,102,105,32,102,102,105],"glyphs":[{"id":192,"cluster":8},{"id":65535,"cluster":8}]}
QCAE_FT_AAT_TRACE {"message":"final-shape-result","engine":"0x896b89800","engine_type":4,"pixel_size":14,"utf16":[99,97,102,233,32,65,778,32,102,105,32,102,102,105],"glyphs":[{"id":192,"cluster":8}]}
QCAE_FT_AAT_TRACE {"message":"end chainsubtable 3","engine":"0x896b89800","engine_type":4,"pixel_size":14,"utf16":[99,97,102,233,32,65,778,32,102,105,32,102,102,105],"glyphs":[{"id":73,"cluster":11},{"id":192,"cluster":12},{"id":65535,"cluster":12}]}
QCAE_FT_AAT_TRACE {"message":"start chainsubtable 4","engine":"0x896b89800","engine_type":4,"pixel_size":14,"utf16":[99,97,102,233,32,65,778,32,102,105,32,102,102,105],"glyphs":[{"id":73,"cluster":11},{"id":192,"cluster":12},{"id":65535,"cluster":12}]}
QCAE_FT_AAT_TRACE {"message":"end chainsubtable 4","engine":"0x896b89800","engine_type":4,"pixel_size":14,"utf16":[99,97,102,233,32,65,778,32,102,105,32,102,102,105],"glyphs":[{"id":73,"cluster":11},{"id":192,"cluster":12},{"id":65535,"cluster":12}]}
QCAE_FT_AAT_TRACE {"message":"end table morx","engine":"0x896b89800","engine_type":4,"pixel_size":14,"utf16":[99,97,102,233,32,65,778,32,102,105,32,102,102,105],"glyphs":[{"id":73,"cluster":11},{"id":192,"cluster":12},{"id":65535,"cluster":12}]}
QCAE_FT_AAT_TRACE {"message":"start table kern","engine":"0x896b89800","engine_type":4,"pixel_size":14,"utf16":[99,97,102,233,32,65,778,32,102,105,32,102,102,105],"glyphs":[{"id":73,"cluster":11},{"id":192,"cluster":12},{"id":65535,"cluster":12}]}
QCAE_FT_AAT_TRACE {"message":"start subtable 0","engine":"0x896b89800","engine_type":4,"pixel_size":14,"utf16":[99,97,102,233,32,65,778,32,102,105,32,102,102,105],"glyphs":[{"id":73,"cluster":11},{"id":192,"cluster":12},{"id":65535,"cluster":12}]}
QCAE_FT_AAT_TRACE {"message":"start kern","engine":"0x896b89800","engine_type":4,"pixel_size":14,"utf16":[99,97,102,233,32,65,778,32,102,105,32,102,102,105],"glyphs":[{"id":73,"cluster":11},{"id":192,"cluster":12},{"id":65535,"cluster":12}]}
QCAE_FT_AAT_TRACE {"message":"end kern","engine":"0x896b89800","engine_type":4,"pixel_size":14,"utf16":[99,97,102,233,32,65,778,32,102,105,32,102,102,105],"glyphs":[{"id":73,"cluster":11},{"id":192,"cluster":12},{"id":65535,"cluster":12}]}
QCAE_FT_AAT_TRACE {"message":"end subtable 0","engine":"0x896b89800","engine_type":4,"pixel_size":14,"utf16":[99,97,102,233,32,65,778,32,102,105,32,102,102,105],"glyphs":[{"id":73,"cluster":11},{"id":192,"cluster":12},{"id":65535,"cluster":12}]}
QCAE_FT_AAT_TRACE {"message":"end table kern","engine":"0x896b89800","engine_type":4,"pixel_size":14,"utf16":[99,97,102,233,32,65,778,32,102,105,32,102,102,105],"glyphs":[{"id":73,"cluster":11},{"id":192,"cluster":12},{"id":65535,"cluster":12}]}
QCAE_FT_AAT_TRACE {"message":"start fallback mark","engine":"0x896b89800","engine_type":4,"pixel_size":14,"utf16":[99,97,102,233,32,65,778,32,102,105,32,102,102,105],"glyphs":[{"id":73,"cluster":11},{"id":192,"cluster":12},{"id":65535,"cluster":12}]}
QCAE_FT_AAT_TRACE {"message":"end fallback mark","engine":"0x896b89800","engine_type":4,"pixel_size":14,"utf16":[99,97,102,233,32,65,778,32,102,105,32,102,102,105],"glyphs":[{"id":73,"cluster":11},{"id":192,"cluster":12},{"id":65535,"cluster":12}]}
QCAE_FT_AAT_TRACE {"message":"final-shape-result","engine":"0x896b89800","engine_type":4,"pixel_size":14,"utf16":[99,97,102,233,32,65,778,32,102,105,32,102,102,105],"glyphs":[{"id":73,"cluster":11},{"id":192,"cluster":12}]}
QCAE_FT_AAT_TRACE {"message":"end chainsubtable 3","engine":"0x896b89800","engine_type":4,"pixel_size":14,"utf16":[99,97,102,233,32,65,778,32,102,105,32,102,102,105],"glyphs":[{"id":192,"cluster":8},{"id":65535,"cluster":8}]}
QCAE_FT_AAT_TRACE {"message":"skipped chainsubtable 4 because no glyph matches","engine":"0x896b89800","engine_type":4,"pixel_size":14,"utf16":[99,97,102,233,32,65,778,32,102,105,32,102,102,105],"glyphs":[{"id":192,"cluster":8},{"id":65535,"cluster":8}]}
QCAE_FT_AAT_TRACE {"message":"end table morx","engine":"0x896b89800","engine_type":4,"pixel_size":14,"utf16":[99,97,102,233,32,65,778,32,102,105,32,102,102,105],"glyphs":[{"id":192,"cluster":8},{"id":65535,"cluster":8}]}
QCAE_FT_AAT_TRACE {"message":"start table kern","engine":"0x896b89800","engine_type":4,"pixel_size":14,"utf16":[99,97,102,233,32,65,778,32,102,105,32,102,102,105],"glyphs":[{"id":192,"cluster":8},{"id":65535,"cluster":8}]}
QCAE_FT_AAT_TRACE {"message":"skipped subtable 0 because no glyph matches","engine":"0x896b89800","engine_type":4,"pixel_size":14,"utf16":[99,97,102,233,32,65,778,32,102,105,32,102,102,105],"glyphs":[{"id":192,"cluster":8},{"id":65535,"cluster":8}]}
QCAE_FT_AAT_TRACE {"message":"end table kern","engine":"0x896b89800","engine_type":4,"pixel_size":14,"utf16":[99,97,102,233,32,65,778,32,102,105,32,102,102,105],"glyphs":[{"id":192,"cluster":8},{"id":65535,"cluster":8}]}
QCAE_FT_AAT_TRACE {"message":"start fallback mark","engine":"0x896b89800","engine_type":4,"pixel_size":14,"utf16":[99,97,102,233,32,65,778,32,102,105,32,102,102,105],"glyphs":[{"id":192,"cluster":8},{"id":65535,"cluster":8}]}
QCAE_FT_AAT_TRACE {"message":"end fallback mark","engine":"0x896b89800","engine_type":4,"pixel_size":14,"utf16":[99,97,102,233,32,65,778,32,102,105,32,102,102,105],"glyphs":[{"id":192,"cluster":8},{"id":65535,"cluster":8}]}
QCAE_FT_AAT_TRACE {"message":"final-shape-result","engine":"0x896b89800","engine_type":4,"pixel_size":14,"utf16":[99,97,102,233,32,65,778,32,102,105,32,102,102,105],"glyphs":[{"id":192,"cluster":8}]}
QCAE_FT_AAT_TRACE {"message":"end chainsubtable 3","engine":"0x896b89800","engine_type":4,"pixel_size":14,"utf16":[99,97,102,233,32,65,778,32,102,105,32,102,102,105],"glyphs":[{"id":73,"cluster":11},{"id":192,"cluster":12},{"id":65535,"cluster":12}]}
QCAE_FT_AAT_TRACE {"message":"start chainsubtable 4","engine":"0x896b89800","engine_type":4,"pixel_size":14,"utf16":[99,97,102,233,32,65,778,32,102,105,32,102,102,105],"glyphs":[{"id":73,"cluster":11},{"id":192,"cluster":12},{"id":65535,"cluster":12}]}
QCAE_FT_AAT_TRACE {"message":"end chainsubtable 4","engine":"0x896b89800","engine_type":4,"pixel_size":14,"utf16":[99,97,102,233,32,65,778,32,102,105,32,102,102,105],"glyphs":[{"id":73,"cluster":11},{"id":192,"cluster":12},{"id":65535,"cluster":12}]}
QCAE_FT_AAT_TRACE {"message":"end table morx","engine":"0x896b89800","engine_type":4,"pixel_size":14,"utf16":[99,97,102,233,32,65,778,32,102,105,32,102,102,105],"glyphs":[{"id":73,"cluster":11},{"id":192,"cluster":12},{"id":65535,"cluster":12}]}
QCAE_FT_AAT_TRACE {"message":"start table kern","engine":"0x896b89800","engine_type":4,"pixel_size":14,"utf16":[99,97,102,233,32,65,778,32,102,105,32,102,102,105],"glyphs":[{"id":73,"cluster":11},{"id":192,"cluster":12},{"id":65535,"cluster":12}]}
QCAE_FT_AAT_TRACE {"message":"start subtable 0","engine":"0x896b89800","engine_type":4,"pixel_size":14,"utf16":[99,97,102,233,32,65,778,32,102,105,32,102,102,105],"glyphs":[{"id":73,"cluster":11},{"id":192,"cluster":12},{"id":65535,"cluster":12}]}
QCAE_FT_AAT_TRACE {"message":"start kern","engine":"0x896b89800","engine_type":4,"pixel_size":14,"utf16":[99,97,102,233,32,65,778,32,102,105,32,102,102,105],"glyphs":[{"id":73,"cluster":11},{"id":192,"cluster":12},{"id":65535,"cluster":12}]}
QCAE_FT_AAT_TRACE {"message":"end kern","engine":"0x896b89800","engine_type":4,"pixel_size":14,"utf16":[99,97,102,233,32,65,778,32,102,105,32,102,102,105],"glyphs":[{"id":73,"cluster":11},{"id":192,"cluster":12},{"id":65535,"cluster":12}]}
QCAE_FT_AAT_TRACE {"message":"end subtable 0","engine":"0x896b89800","engine_type":4,"pixel_size":14,"utf16":[99,97,102,233,32,65,778,32,102,105,32,102,102,105],"glyphs":[{"id":73,"cluster":11},{"id":192,"cluster":12},{"id":65535,"cluster":12}]}
QCAE_FT_AAT_TRACE {"message":"end table kern","engine":"0x896b89800","engine_type":4,"pixel_size":14,"utf16":[99,97,102,233,32,65,778,32,102,105,32,102,102,105],"glyphs":[{"id":73,"cluster":11},{"id":192,"cluster":12},{"id":65535,"cluster":12}]}
QCAE_FT_AAT_TRACE {"message":"start fallback mark","engine":"0x896b89800","engine_type":4,"pixel_size":14,"utf16":[99,97,102,233,32,65,778,32,102,105,32,102,102,105],"glyphs":[{"id":73,"cluster":11},{"id":192,"cluster":12},{"id":65535,"cluster":12}]}
QCAE_FT_AAT_TRACE {"message":"end fallback mark","engine":"0x896b89800","engine_type":4,"pixel_size":14,"utf16":[99,97,102,233,32,65,778,32,102,105,32,102,102,105],"glyphs":[{"id":73,"cluster":11},{"id":192,"cluster":12},{"id":65535,"cluster":12}]}
QCAE_FT_AAT_TRACE {"message":"final-shape-result","engine":"0x896b89800","engine_type":4,"pixel_size":14,"utf16":[99,97,102,233,32,65,778,32,102,105,32,102,102,105],"glyphs":[{"id":73,"cluster":11},{"id":192,"cluster":12}]}
QCAE_FT_AAT_TRACE {"message":"end chainsubtable 11","engine":"0x896bec000","engine_type":4,"pixel_size":14,"utf16":[78,111,100,101,32,55357,56898,32,55357,56425,8205,55357,56615],"glyphs":[{"id":1450,"cluster":8},{"id":65535,"cluster":8},{"id":65535,"cluster":8}]}
QCAE_FT_AAT_TRACE {"message":"skipped chainsubtable 12 because no glyph matches","engine":"0x896bec000","engine_type":4,"pixel_size":14,"utf16":[78,111,100,101,32,55357,56898,32,55357,56425,8205,55357,56615],"glyphs":[{"id":1450,"cluster":8},{"id":65535,"cluster":8},{"id":65535,"cluster":8}]}
QCAE_FT_AAT_TRACE {"message":"skipped chainsubtable 13 because no glyph matches","engine":"0x896bec000","engine_type":4,"pixel_size":14,"utf16":[78,111,100,101,32,55357,56898,32,55357,56425,8205,55357,56615],"glyphs":[{"id":1450,"cluster":8},{"id":65535,"cluster":8},{"id":65535,"cluster":8}]}
QCAE_FT_AAT_TRACE {"message":"skipped chainsubtable 14 because no glyph matches","engine":"0x896bec000","engine_type":4,"pixel_size":14,"utf16":[78,111,100,101,32,55357,56898,32,55357,56425,8205,55357,56615],"glyphs":[{"id":1450,"cluster":8},{"id":65535,"cluster":8},{"id":65535,"cluster":8}]}
QCAE_FT_AAT_TRACE {"message":"skipped chainsubtable 15 because no glyph matches","engine":"0x896bec000","engine_type":4,"pixel_size":14,"utf16":[78,111,100,101,32,55357,56898,32,55357,56425,8205,55357,56615],"glyphs":[{"id":1450,"cluster":8},{"id":65535,"cluster":8},{"id":65535,"cluster":8}]}
QCAE_FT_AAT_TRACE {"message":"start chainsubtable 24","engine":"0x896bec000","engine_type":4,"pixel_size":14,"utf16":[78,111,100,101,32,55357,56898,32,55357,56425,8205,55357,56615],"glyphs":[{"id":1450,"cluster":8},{"id":65535,"cluster":8},{"id":65535,"cluster":8}]}
QCAE_FT_AAT_TRACE {"message":"end chainsubtable 24","engine":"0x896bec000","engine_type":4,"pixel_size":14,"utf16":[78,111,100,101,32,55357,56898,32,55357,56425,8205,55357,56615],"glyphs":[{"id":1450,"cluster":8},{"id":65535,"cluster":8},{"id":65535,"cluster":8}]}
QCAE_FT_AAT_TRACE {"message":"end table morx","engine":"0x896bec000","engine_type":4,"pixel_size":14,"utf16":[78,111,100,101,32,55357,56898,32,55357,56425,8205,55357,56615],"glyphs":[{"id":1450,"cluster":8},{"id":65535,"cluster":8},{"id":65535,"cluster":8}]}
QCAE_FT_AAT_TRACE {"message":"start table GPOS script tag ''","engine":"0x896bec000","engine_type":4,"pixel_size":14,"utf16":[78,111,100,101,32,55357,56898,32,55357,56425,8205,55357,56615],"glyphs":[{"id":1450,"cluster":8}]}
QCAE_FT_AAT_TRACE {"message":"start lookup 0 feature 'mark'","engine":"0x896bec000","engine_type":4,"pixel_size":14,"utf16":[78,111,100,101,32,55357,56898,32,55357,56425,8205,55357,56615],"glyphs":[{"id":1450,"cluster":8}]}
QCAE_FT_AAT_TRACE {"message":"skipped lookup 0 feature 'mark' because no glyph matches","engine":"0x896bec000","engine_type":4,"pixel_size":14,"utf16":[78,111,100,101,32,55357,56898,32,55357,56425,8205,55357,56615],"glyphs":[{"id":1450,"cluster":8}]}
QCAE_FT_AAT_TRACE {"message":"end lookup 0 feature 'mark'","engine":"0x896bec000","engine_type":4,"pixel_size":14,"utf16":[78,111,100,101,32,55357,56898,32,55357,56425,8205,55357,56615],"glyphs":[{"id":1450,"cluster":8}]}
QCAE_FT_AAT_TRACE {"message":"end table GPOS script tag ''","engine":"0x896bec000","engine_type":4,"pixel_size":14,"utf16":[78,111,100,101,32,55357,56898,32,55357,56425,8205,55357,56615],"glyphs":[{"id":1450,"cluster":8}]}
QCAE_FT_AAT_TRACE {"message":"final-shape-result","engine":"0x896bec000","engine_type":4,"pixel_size":14,"utf16":[78,111,100,101,32,55357,56898,32,55357,56425,8205,55357,56615],"glyphs":[{"id":1450,"cluster":8}]}
QCAE_FT_AAT_TRACE {"message":"end chainsubtable 11","engine":"0x896bec000","engine_type":4,"pixel_size":14,"utf16":[78,111,100,101,32,55357,56898,32,55357,56425,8205,55357,56615],"glyphs":[{"id":1450,"cluster":8},{"id":65535,"cluster":8},{"id":65535,"cluster":8}]}
QCAE_FT_AAT_TRACE {"message":"skipped chainsubtable 12 because no glyph matches","engine":"0x896bec000","engine_type":4,"pixel_size":14,"utf16":[78,111,100,101,32,55357,56898,32,55357,56425,8205,55357,56615],"glyphs":[{"id":1450,"cluster":8},{"id":65535,"cluster":8},{"id":65535,"cluster":8}]}
QCAE_FT_AAT_TRACE {"message":"skipped chainsubtable 13 because no glyph matches","engine":"0x896bec000","engine_type":4,"pixel_size":14,"utf16":[78,111,100,101,32,55357,56898,32,55357,56425,8205,55357,56615],"glyphs":[{"id":1450,"cluster":8},{"id":65535,"cluster":8},{"id":65535,"cluster":8}]}
QCAE_FT_AAT_TRACE {"message":"skipped chainsubtable 14 because no glyph matches","engine":"0x896bec000","engine_type":4,"pixel_size":14,"utf16":[78,111,100,101,32,55357,56898,32,55357,56425,8205,55357,56615],"glyphs":[{"id":1450,"cluster":8},{"id":65535,"cluster":8},{"id":65535,"cluster":8}]}
QCAE_FT_AAT_TRACE {"message":"skipped chainsubtable 15 because no glyph matches","engine":"0x896bec000","engine_type":4,"pixel_size":14,"utf16":[78,111,100,101,32,55357,56898,32,55357,56425,8205,55357,56615],"glyphs":[{"id":1450,"cluster":8},{"id":65535,"cluster":8},{"id":65535,"cluster":8}]}
QCAE_FT_AAT_TRACE {"message":"start chainsubtable 24","engine":"0x896bec000","engine_type":4,"pixel_size":14,"utf16":[78,111,100,101,32,55357,56898,32,55357,56425,8205,55357,56615],"glyphs":[{"id":1450,"cluster":8},{"id":65535,"cluster":8},{"id":65535,"cluster":8}]}
QCAE_FT_AAT_TRACE {"message":"end chainsubtable 24","engine":"0x896bec000","engine_type":4,"pixel_size":14,"utf16":[78,111,100,101,32,55357,56898,32,55357,56425,8205,55357,56615],"glyphs":[{"id":1450,"cluster":8},{"id":65535,"cluster":8},{"id":65535,"cluster":8}]}
QCAE_FT_AAT_TRACE {"message":"end table morx","engine":"0x896bec000","engine_type":4,"pixel_size":14,"utf16":[78,111,100,101,32,55357,56898,32,55357,56425,8205,55357,56615],"glyphs":[{"id":1450,"cluster":8},{"id":65535,"cluster":8},{"id":65535,"cluster":8}]}
QCAE_FT_AAT_TRACE {"message":"start table GPOS script tag ''","engine":"0x896bec000","engine_type":4,"pixel_size":14,"utf16":[78,111,100,101,32,55357,56898,32,55357,56425,8205,55357,56615],"glyphs":[{"id":1450,"cluster":8}]}
QCAE_FT_AAT_TRACE {"message":"start lookup 0 feature 'mark'","engine":"0x896bec000","engine_type":4,"pixel_size":14,"utf16":[78,111,100,101,32,55357,56898,32,55357,56425,8205,55357,56615],"glyphs":[{"id":1450,"cluster":8}]}
QCAE_FT_AAT_TRACE {"message":"skipped lookup 0 feature 'mark' because no glyph matches","engine":"0x896bec000","engine_type":4,"pixel_size":14,"utf16":[78,111,100,101,32,55357,56898,32,55357,56425,8205,55357,56615],"glyphs":[{"id":1450,"cluster":8}]}
QCAE_FT_AAT_TRACE {"message":"end lookup 0 feature 'mark'","engine":"0x896bec000","engine_type":4,"pixel_size":14,"utf16":[78,111,100,101,32,55357,56898,32,55357,56425,8205,55357,56615],"glyphs":[{"id":1450,"cluster":8}]}
QCAE_FT_AAT_TRACE {"message":"end table GPOS script tag ''","engine":"0x896bec000","engine_type":4,"pixel_size":14,"utf16":[78,111,100,101,32,55357,56898,32,55357,56425,8205,55357,56615],"glyphs":[{"id":1450,"cluster":8}]}
QCAE_FT_AAT_TRACE {"message":"final-shape-result","engine":"0x896bec000","engine_type":4,"pixel_size":14,"utf16":[78,111,100,101,32,55357,56898,32,55357,56425,8205,55357,56615],"glyphs":[{"id":1450,"cluster":8}]}
QCAE_FT_AAT_TRACE {"message":"end chainsubtable 11","engine":"0x896bec000","engine_type":4,"pixel_size":14,"utf16":[78,111,100,101,32,55357,56898,32,55357,56425,8205,55357,56615],"glyphs":[{"id":1450,"cluster":8},{"id":65535,"cluster":8},{"id":65535,"cluster":8}]}
QCAE_FT_AAT_TRACE {"message":"skipped chainsubtable 12 because no glyph matches","engine":"0x896bec000","engine_type":4,"pixel_size":14,"utf16":[78,111,100,101,32,55357,56898,32,55357,56425,8205,55357,56615],"glyphs":[{"id":1450,"cluster":8},{"id":65535,"cluster":8},{"id":65535,"cluster":8}]}
QCAE_FT_AAT_TRACE {"message":"skipped chainsubtable 13 because no glyph matches","engine":"0x896bec000","engine_type":4,"pixel_size":14,"utf16":[78,111,100,101,32,55357,56898,32,55357,56425,8205,55357,56615],"glyphs":[{"id":1450,"cluster":8},{"id":65535,"cluster":8},{"id":65535,"cluster":8}]}
QCAE_FT_AAT_TRACE {"message":"skipped chainsubtable 14 because no glyph matches","engine":"0x896bec000","engine_type":4,"pixel_size":14,"utf16":[78,111,100,101,32,55357,56898,32,55357,56425,8205,55357,56615],"glyphs":[{"id":1450,"cluster":8},{"id":65535,"cluster":8},{"id":65535,"cluster":8}]}
QCAE_FT_AAT_TRACE {"message":"skipped chainsubtable 15 because no glyph matches","engine":"0x896bec000","engine_type":4,"pixel_size":14,"utf16":[78,111,100,101,32,55357,56898,32,55357,56425,8205,55357,56615],"glyphs":[{"id":1450,"cluster":8},{"id":65535,"cluster":8},{"id":65535,"cluster":8}]}
QCAE_FT_AAT_TRACE {"message":"start chainsubtable 24","engine":"0x896bec000","engine_type":4,"pixel_size":14,"utf16":[78,111,100,101,32,55357,56898,32,55357,56425,8205,55357,56615],"glyphs":[{"id":1450,"cluster":8},{"id":65535,"cluster":8},{"id":65535,"cluster":8}]}
QCAE_FT_AAT_TRACE {"message":"end chainsubtable 24","engine":"0x896bec000","engine_type":4,"pixel_size":14,"utf16":[78,111,100,101,32,55357,56898,32,55357,56425,8205,55357,56615],"glyphs":[{"id":1450,"cluster":8},{"id":65535,"cluster":8},{"id":65535,"cluster":8}]}
QCAE_FT_AAT_TRACE {"message":"end table morx","engine":"0x896bec000","engine_type":4,"pixel_size":14,"utf16":[78,111,100,101,32,55357,56898,32,55357,56425,8205,55357,56615],"glyphs":[{"id":1450,"cluster":8},{"id":65535,"cluster":8},{"id":65535,"cluster":8}]}
QCAE_FT_AAT_TRACE {"message":"start table GPOS script tag ''","engine":"0x896bec000","engine_type":4,"pixel_size":14,"utf16":[78,111,100,101,32,55357,56898,32,55357,56425,8205,55357,56615],"glyphs":[{"id":1450,"cluster":8}]}
QCAE_FT_AAT_TRACE {"message":"start lookup 0 feature 'mark'","engine":"0x896bec000","engine_type":4,"pixel_size":14,"utf16":[78,111,100,101,32,55357,56898,32,55357,56425,8205,55357,56615],"glyphs":[{"id":1450,"cluster":8}]}
QCAE_FT_AAT_TRACE {"message":"skipped lookup 0 feature 'mark' because no glyph matches","engine":"0x896bec000","engine_type":4,"pixel_size":14,"utf16":[78,111,100,101,32,55357,56898,32,55357,56425,8205,55357,56615],"glyphs":[{"id":1450,"cluster":8}]}
QCAE_FT_AAT_TRACE {"message":"end lookup 0 feature 'mark'","engine":"0x896bec000","engine_type":4,"pixel_size":14,"utf16":[78,111,100,101,32,55357,56898,32,55357,56425,8205,55357,56615],"glyphs":[{"id":1450,"cluster":8}]}
QCAE_FT_AAT_TRACE {"message":"end table GPOS script tag ''","engine":"0x896bec000","engine_type":4,"pixel_size":14,"utf16":[78,111,100,101,32,55357,56898,32,55357,56425,8205,55357,56615],"glyphs":[{"id":1450,"cluster":8}]}
QCAE_FT_AAT_TRACE {"message":"final-shape-result","engine":"0x896bec000","engine_type":4,"pixel_size":14,"utf16":[78,111,100,101,32,55357,56898,32,55357,56425,8205,55357,56615],"glyphs":[{"id":1450,"cluster":8}]}
QCAE_FT_AAT_TRACE {"message":"end chainsubtable 11","engine":"0x896bec000","engine_type":4,"pixel_size":14,"utf16":[78,111,100,101,32,55357,56898,32,55357,56425,8205,55357,56615],"glyphs":[{"id":1450,"cluster":8},{"id":65535,"cluster":8},{"id":65535,"cluster":8}]}
QCAE_FT_AAT_TRACE {"message":"skipped chainsubtable 12 because no glyph matches","engine":"0x896bec000","engine_type":4,"pixel_size":14,"utf16":[78,111,100,101,32,55357,56898,32,55357,56425,8205,55357,56615],"glyphs":[{"id":1450,"cluster":8},{"id":65535,"cluster":8},{"id":65535,"cluster":8}]}
QCAE_FT_AAT_TRACE {"message":"skipped chainsubtable 13 because no glyph matches","engine":"0x896bec000","engine_type":4,"pixel_size":14,"utf16":[78,111,100,101,32,55357,56898,32,55357,56425,8205,55357,56615],"glyphs":[{"id":1450,"cluster":8},{"id":65535,"cluster":8},{"id":65535,"cluster":8}]}
QCAE_FT_AAT_TRACE {"message":"skipped chainsubtable 14 because no glyph matches","engine":"0x896bec000","engine_type":4,"pixel_size":14,"utf16":[78,111,100,101,32,55357,56898,32,55357,56425,8205,55357,56615],"glyphs":[{"id":1450,"cluster":8},{"id":65535,"cluster":8},{"id":65535,"cluster":8}]}
QCAE_FT_AAT_TRACE {"message":"skipped chainsubtable 15 because no glyph matches","engine":"0x896bec000","engine_type":4,"pixel_size":14,"utf16":[78,111,100,101,32,55357,56898,32,55357,56425,8205,55357,56615],"glyphs":[{"id":1450,"cluster":8},{"id":65535,"cluster":8},{"id":65535,"cluster":8}]}
QCAE_FT_AAT_TRACE {"message":"start chainsubtable 24","engine":"0x896bec000","engine_type":4,"pixel_size":14,"utf16":[78,111,100,101,32,55357,56898,32,55357,56425,8205,55357,56615],"glyphs":[{"id":1450,"cluster":8},{"id":65535,"cluster":8},{"id":65535,"cluster":8}]}
QCAE_FT_AAT_TRACE {"message":"end chainsubtable 24","engine":"0x896bec000","engine_type":4,"pixel_size":14,"utf16":[78,111,100,101,32,55357,56898,32,55357,56425,8205,55357,56615],"glyphs":[{"id":1450,"cluster":8},{"id":65535,"cluster":8},{"id":65535,"cluster":8}]}
QCAE_FT_AAT_TRACE {"message":"end table morx","engine":"0x896bec000","engine_type":4,"pixel_size":14,"utf16":[78,111,100,101,32,55357,56898,32,55357,56425,8205,55357,56615],"glyphs":[{"id":1450,"cluster":8},{"id":65535,"cluster":8},{"id":65535,"cluster":8}]}
QCAE_FT_AAT_TRACE {"message":"start table GPOS script tag ''","engine":"0x896bec000","engine_type":4,"pixel_size":14,"utf16":[78,111,100,101,32,55357,56898,32,55357,56425,8205,55357,56615],"glyphs":[{"id":1450,"cluster":8}]}
QCAE_FT_AAT_TRACE {"message":"start lookup 0 feature 'mark'","engine":"0x896bec000","engine_type":4,"pixel_size":14,"utf16":[78,111,100,101,32,55357,56898,32,55357,56425,8205,55357,56615],"glyphs":[{"id":1450,"cluster":8}]}
QCAE_FT_AAT_TRACE {"message":"skipped lookup 0 feature 'mark' because no glyph matches","engine":"0x896bec000","engine_type":4,"pixel_size":14,"utf16":[78,111,100,101,32,55357,56898,32,55357,56425,8205,55357,56615],"glyphs":[{"id":1450,"cluster":8}]}
QCAE_FT_AAT_TRACE {"message":"end lookup 0 feature 'mark'","engine":"0x896bec000","engine_type":4,"pixel_size":14,"utf16":[78,111,100,101,32,55357,56898,32,55357,56425,8205,55357,56615],"glyphs":[{"id":1450,"cluster":8}]}
QCAE_FT_AAT_TRACE {"message":"end table GPOS script tag ''","engine":"0x896bec000","engine_type":4,"pixel_size":14,"utf16":[78,111,100,101,32,55357,56898,32,55357,56425,8205,55357,56615],"glyphs":[{"id":1450,"cluster":8}]}
QCAE_FT_AAT_TRACE {"message":"final-shape-result","engine":"0x896bec000","engine_type":4,"pixel_size":14,"utf16":[78,111,100,101,32,55357,56898,32,55357,56425,8205,55357,56615],"glyphs":[{"id":1450,"cluster":8}]}
QCAE_FT_AAT_TRACE {"message":"end chainsubtable 3","engine":"0x896bed800","engine_type":4,"pixel_size":18,"utf16":[99,97,102,233,32,65,778,32,102,105,32,102,102,105],"glyphs":[{"id":192,"cluster":8},{"id":65535,"cluster":8}]}
QCAE_FT_AAT_TRACE {"message":"skipped chainsubtable 4 because no glyph matches","engine":"0x896bed800","engine_type":4,"pixel_size":18,"utf16":[99,97,102,233,32,65,778,32,102,105,32,102,102,105],"glyphs":[{"id":192,"cluster":8},{"id":65535,"cluster":8}]}
QCAE_FT_AAT_TRACE {"message":"end table morx","engine":"0x896bed800","engine_type":4,"pixel_size":18,"utf16":[99,97,102,233,32,65,778,32,102,105,32,102,102,105],"glyphs":[{"id":192,"cluster":8},{"id":65535,"cluster":8}]}
load glyph failed err=6 face=0x896b5aa00, glyph=65535
QCAE_FT_AAT_TRACE {"message":"start table kern","engine":"0x896bed800","engine_type":4,"pixel_size":18,"utf16":[99,97,102,233,32,65,778,32,102,105,32,102,102,105],"glyphs":[{"id":192,"cluster":8},{"id":65535,"cluster":8}]}
QCAE_FT_AAT_TRACE {"message":"skipped subtable 0 because no glyph matches","engine":"0x896bed800","engine_type":4,"pixel_size":18,"utf16":[99,97,102,233,32,65,778,32,102,105,32,102,102,105],"glyphs":[{"id":192,"cluster":8},{"id":65535,"cluster":8}]}
QCAE_FT_AAT_TRACE {"message":"end table kern","engine":"0x896bed800","engine_type":4,"pixel_size":18,"utf16":[99,97,102,233,32,65,778,32,102,105,32,102,102,105],"glyphs":[{"id":192,"cluster":8},{"id":65535,"cluster":8}]}
QCAE_FT_AAT_TRACE {"message":"start fallback mark","engine":"0x896bed800","engine_type":4,"pixel_size":18,"utf16":[99,97,102,233,32,65,778,32,102,105,32,102,102,105],"glyphs":[{"id":192,"cluster":8},{"id":65535,"cluster":8}]}
QCAE_FT_AAT_TRACE {"message":"end fallback mark","engine":"0x896bed800","engine_type":4,"pixel_size":18,"utf16":[99,97,102,233,32,65,778,32,102,105,32,102,102,105],"glyphs":[{"id":192,"cluster":8},{"id":65535,"cluster":8}]}
QCAE_FT_AAT_TRACE {"message":"final-shape-result","engine":"0x896bed800","engine_type":4,"pixel_size":18,"utf16":[99,97,102,233,32,65,778,32,102,105,32,102,102,105],"glyphs":[{"id":192,"cluster":8}]}
QCAE_FT_AAT_TRACE {"message":"end chainsubtable 3","engine":"0x896bed800","engine_type":4,"pixel_size":18,"utf16":[99,97,102,233,32,65,778,32,102,105,32,102,102,105],"glyphs":[{"id":73,"cluster":11},{"id":192,"cluster":12},{"id":65535,"cluster":12}]}
QCAE_FT_AAT_TRACE {"message":"start chainsubtable 4","engine":"0x896bed800","engine_type":4,"pixel_size":18,"utf16":[99,97,102,233,32,65,778,32,102,105,32,102,102,105],"glyphs":[{"id":73,"cluster":11},{"id":192,"cluster":12},{"id":65535,"cluster":12}]}
QCAE_FT_AAT_TRACE {"message":"end chainsubtable 4","engine":"0x896bed800","engine_type":4,"pixel_size":18,"utf16":[99,97,102,233,32,65,778,32,102,105,32,102,102,105],"glyphs":[{"id":73,"cluster":11},{"id":192,"cluster":12},{"id":65535,"cluster":12}]}
QCAE_FT_AAT_TRACE {"message":"end table morx","engine":"0x896bed800","engine_type":4,"pixel_size":18,"utf16":[99,97,102,233,32,65,778,32,102,105,32,102,102,105],"glyphs":[{"id":73,"cluster":11},{"id":192,"cluster":12},{"id":65535,"cluster":12}]}
QCAE_FT_AAT_TRACE {"message":"start table kern","engine":"0x896bed800","engine_type":4,"pixel_size":18,"utf16":[99,97,102,233,32,65,778,32,102,105,32,102,102,105],"glyphs":[{"id":73,"cluster":11},{"id":192,"cluster":12},{"id":65535,"cluster":12}]}
QCAE_FT_AAT_TRACE {"message":"start subtable 0","engine":"0x896bed800","engine_type":4,"pixel_size":18,"utf16":[99,97,102,233,32,65,778,32,102,105,32,102,102,105],"glyphs":[{"id":73,"cluster":11},{"id":192,"cluster":12},{"id":65535,"cluster":12}]}
QCAE_FT_AAT_TRACE {"message":"start kern","engine":"0x896bed800","engine_type":4,"pixel_size":18,"utf16":[99,97,102,233,32,65,778,32,102,105,32,102,102,105],"glyphs":[{"id":73,"cluster":11},{"id":192,"cluster":12},{"id":65535,"cluster":12}]}
QCAE_FT_AAT_TRACE {"message":"end kern","engine":"0x896bed800","engine_type":4,"pixel_size":18,"utf16":[99,97,102,233,32,65,778,32,102,105,32,102,102,105],"glyphs":[{"id":73,"cluster":11},{"id":192,"cluster":12},{"id":65535,"cluster":12}]}
QCAE_FT_AAT_TRACE {"message":"end subtable 0","engine":"0x896bed800","engine_type":4,"pixel_size":18,"utf16":[99,97,102,233,32,65,778,32,102,105,32,102,102,105],"glyphs":[{"id":73,"cluster":11},{"id":192,"cluster":12},{"id":65535,"cluster":12}]}
QCAE_FT_AAT_TRACE {"message":"end table kern","engine":"0x896bed800","engine_type":4,"pixel_size":18,"utf16":[99,97,102,233,32,65,778,32,102,105,32,102,102,105],"glyphs":[{"id":73,"cluster":11},{"id":192,"cluster":12},{"id":65535,"cluster":12}]}
QCAE_FT_AAT_TRACE {"message":"start fallback mark","engine":"0x896bed800","engine_type":4,"pixel_size":18,"utf16":[99,97,102,233,32,65,778,32,102,105,32,102,102,105],"glyphs":[{"id":73,"cluster":11},{"id":192,"cluster":12},{"id":65535,"cluster":12}]}
QCAE_FT_AAT_TRACE {"message":"end fallback mark","engine":"0x896bed800","engine_type":4,"pixel_size":18,"utf16":[99,97,102,233,32,65,778,32,102,105,32,102,102,105],"glyphs":[{"id":73,"cluster":11},{"id":192,"cluster":12},{"id":65535,"cluster":12}]}
QCAE_FT_AAT_TRACE {"message":"final-shape-result","engine":"0x896bed800","engine_type":4,"pixel_size":18,"utf16":[99,97,102,233,32,65,778,32,102,105,32,102,102,105],"glyphs":[{"id":73,"cluster":11},{"id":192,"cluster":12}]}
QCAE_FT_AAT_TRACE {"message":"end chainsubtable 3","engine":"0x896bed800","engine_type":4,"pixel_size":18,"utf16":[99,97,102,233,32,65,778,32,102,105,32,102,102,105],"glyphs":[{"id":192,"cluster":8},{"id":65535,"cluster":8}]}
QCAE_FT_AAT_TRACE {"message":"skipped chainsubtable 4 because no glyph matches","engine":"0x896bed800","engine_type":4,"pixel_size":18,"utf16":[99,97,102,233,32,65,778,32,102,105,32,102,102,105],"glyphs":[{"id":192,"cluster":8},{"id":65535,"cluster":8}]}
QCAE_FT_AAT_TRACE {"message":"end table morx","engine":"0x896bed800","engine_type":4,"pixel_size":18,"utf16":[99,97,102,233,32,65,778,32,102,105,32,102,102,105],"glyphs":[{"id":192,"cluster":8},{"id":65535,"cluster":8}]}
QCAE_FT_AAT_TRACE {"message":"start table kern","engine":"0x896bed800","engine_type":4,"pixel_size":18,"utf16":[99,97,102,233,32,65,778,32,102,105,32,102,102,105],"glyphs":[{"id":192,"cluster":8},{"id":65535,"cluster":8}]}
QCAE_FT_AAT_TRACE {"message":"skipped subtable 0 because no glyph matches","engine":"0x896bed800","engine_type":4,"pixel_size":18,"utf16":[99,97,102,233,32,65,778,32,102,105,32,102,102,105],"glyphs":[{"id":192,"cluster":8},{"id":65535,"cluster":8}]}
QCAE_FT_AAT_TRACE {"message":"end table kern","engine":"0x896bed800","engine_type":4,"pixel_size":18,"utf16":[99,97,102,233,32,65,778,32,102,105,32,102,102,105],"glyphs":[{"id":192,"cluster":8},{"id":65535,"cluster":8}]}
QCAE_FT_AAT_TRACE {"message":"start fallback mark","engine":"0x896bed800","engine_type":4,"pixel_size":18,"utf16":[99,97,102,233,32,65,778,32,102,105,32,102,102,105],"glyphs":[{"id":192,"cluster":8},{"id":65535,"cluster":8}]}
QCAE_FT_AAT_TRACE {"message":"end fallback mark","engine":"0x896bed800","engine_type":4,"pixel_size":18,"utf16":[99,97,102,233,32,65,778,32,102,105,32,102,102,105],"glyphs":[{"id":192,"cluster":8},{"id":65535,"cluster":8}]}
QCAE_FT_AAT_TRACE {"message":"final-shape-result","engine":"0x896bed800","engine_type":4,"pixel_size":18,"utf16":[99,97,102,233,32,65,778,32,102,105,32,102,102,105],"glyphs":[{"id":192,"cluster":8}]}
QCAE_FT_AAT_TRACE {"message":"end chainsubtable 3","engine":"0x896bed800","engine_type":4,"pixel_size":18,"utf16":[99,97,102,233,32,65,778,32,102,105,32,102,102,105],"glyphs":[{"id":73,"cluster":11},{"id":192,"cluster":12},{"id":65535,"cluster":12}]}
QCAE_FT_AAT_TRACE {"message":"start chainsubtable 4","engine":"0x896bed800","engine_type":4,"pixel_size":18,"utf16":[99,97,102,233,32,65,778,32,102,105,32,102,102,105],"glyphs":[{"id":73,"cluster":11},{"id":192,"cluster":12},{"id":65535,"cluster":12}]}
QCAE_FT_AAT_TRACE {"message":"end chainsubtable 4","engine":"0x896bed800","engine_type":4,"pixel_size":18,"utf16":[99,97,102,233,32,65,778,32,102,105,32,102,102,105],"glyphs":[{"id":73,"cluster":11},{"id":192,"cluster":12},{"id":65535,"cluster":12}]}
QCAE_FT_AAT_TRACE {"message":"end table morx","engine":"0x896bed800","engine_type":4,"pixel_size":18,"utf16":[99,97,102,233,32,65,778,32,102,105,32,102,102,105],"glyphs":[{"id":73,"cluster":11},{"id":192,"cluster":12},{"id":65535,"cluster":12}]}
QCAE_FT_AAT_TRACE {"message":"start table kern","engine":"0x896bed800","engine_type":4,"pixel_size":18,"utf16":[99,97,102,233,32,65,778,32,102,105,32,102,102,105],"glyphs":[{"id":73,"cluster":11},{"id":192,"cluster":12},{"id":65535,"cluster":12}]}
QCAE_FT_AAT_TRACE {"message":"start subtable 0","engine":"0x896bed800","engine_type":4,"pixel_size":18,"utf16":[99,97,102,233,32,65,778,32,102,105,32,102,102,105],"glyphs":[{"id":73,"cluster":11},{"id":192,"cluster":12},{"id":65535,"cluster":12}]}
QCAE_FT_AAT_TRACE {"message":"start kern","engine":"0x896bed800","engine_type":4,"pixel_size":18,"utf16":[99,97,102,233,32,65,778,32,102,105,32,102,102,105],"glyphs":[{"id":73,"cluster":11},{"id":192,"cluster":12},{"id":65535,"cluster":12}]}
QCAE_FT_AAT_TRACE {"message":"end kern","engine":"0x896bed800","engine_type":4,"pixel_size":18,"utf16":[99,97,102,233,32,65,778,32,102,105,32,102,102,105],"glyphs":[{"id":73,"cluster":11},{"id":192,"cluster":12},{"id":65535,"cluster":12}]}
QCAE_FT_AAT_TRACE {"message":"end subtable 0","engine":"0x896bed800","engine_type":4,"pixel_size":18,"utf16":[99,97,102,233,32,65,778,32,102,105,32,102,102,105],"glyphs":[{"id":73,"cluster":11},{"id":192,"cluster":12},{"id":65535,"cluster":12}]}
QCAE_FT_AAT_TRACE {"message":"end table kern","engine":"0x896bed800","engine_type":4,"pixel_size":18,"utf16":[99,97,102,233,32,65,778,32,102,105,32,102,102,105],"glyphs":[{"id":73,"cluster":11},{"id":192,"cluster":12},{"id":65535,"cluster":12}]}
QCAE_FT_AAT_TRACE {"message":"start fallback mark","engine":"0x896bed800","engine_type":4,"pixel_size":18,"utf16":[99,97,102,233,32,65,778,32,102,105,32,102,102,105],"glyphs":[{"id":73,"cluster":11},{"id":192,"cluster":12},{"id":65535,"cluster":12}]}
QCAE_FT_AAT_TRACE {"message":"end fallback mark","engine":"0x896bed800","engine_type":4,"pixel_size":18,"utf16":[99,97,102,233,32,65,778,32,102,105,32,102,102,105],"glyphs":[{"id":73,"cluster":11},{"id":192,"cluster":12},{"id":65535,"cluster":12}]}
QCAE_FT_AAT_TRACE {"message":"final-shape-result","engine":"0x896bed800","engine_type":4,"pixel_size":18,"utf16":[99,97,102,233,32,65,778,32,102,105,32,102,102,105],"glyphs":[{"id":73,"cluster":11},{"id":192,"cluster":12}]}
QCAE_FT_AAT_TRACE {"message":"end chainsubtable 3","engine":"0x896bed800","engine_type":4,"pixel_size":18,"utf16":[99,97,102,233,32,65,778,32,102,105,32,102,102,105],"glyphs":[{"id":192,"cluster":8},{"id":65535,"cluster":8}]}
QCAE_FT_AAT_TRACE {"message":"skipped chainsubtable 4 because no glyph matches","engine":"0x896bed800","engine_type":4,"pixel_size":18,"utf16":[99,97,102,233,32,65,778,32,102,105,32,102,102,105],"glyphs":[{"id":192,"cluster":8},{"id":65535,"cluster":8}]}
QCAE_FT_AAT_TRACE {"message":"end table morx","engine":"0x896bed800","engine_type":4,"pixel_size":18,"utf16":[99,97,102,233,32,65,778,32,102,105,32,102,102,105],"glyphs":[{"id":192,"cluster":8},{"id":65535,"cluster":8}]}
QCAE_FT_AAT_TRACE {"message":"start table kern","engine":"0x896bed800","engine_type":4,"pixel_size":18,"utf16":[99,97,102,233,32,65,778,32,102,105,32,102,102,105],"glyphs":[{"id":192,"cluster":8},{"id":65535,"cluster":8}]}
QCAE_FT_AAT_TRACE {"message":"skipped subtable 0 because no glyph matches","engine":"0x896bed800","engine_type":4,"pixel_size":18,"utf16":[99,97,102,233,32,65,778,32,102,105,32,102,102,105],"glyphs":[{"id":192,"cluster":8},{"id":65535,"cluster":8}]}
QCAE_FT_AAT_TRACE {"message":"end table kern","engine":"0x896bed800","engine_type":4,"pixel_size":18,"utf16":[99,97,102,233,32,65,778,32,102,105,32,102,102,105],"glyphs":[{"id":192,"cluster":8},{"id":65535,"cluster":8}]}
QCAE_FT_AAT_TRACE {"message":"start fallback mark","engine":"0x896bed800","engine_type":4,"pixel_size":18,"utf16":[99,97,102,233,32,65,778,32,102,105,32,102,102,105],"glyphs":[{"id":192,"cluster":8},{"id":65535,"cluster":8}]}
QCAE_FT_AAT_TRACE {"message":"end fallback mark","engine":"0x896bed800","engine_type":4,"pixel_size":18,"utf16":[99,97,102,233,32,65,778,32,102,105,32,102,102,105],"glyphs":[{"id":192,"cluster":8},{"id":65535,"cluster":8}]}
QCAE_FT_AAT_TRACE {"message":"final-shape-result","engine":"0x896bed800","engine_type":4,"pixel_size":18,"utf16":[99,97,102,233,32,65,778,32,102,105,32,102,102,105],"glyphs":[{"id":192,"cluster":8}]}
QCAE_FT_AAT_TRACE {"message":"end chainsubtable 3","engine":"0x896bed800","engine_type":4,"pixel_size":18,"utf16":[99,97,102,233,32,65,778,32,102,105,32,102,102,105],"glyphs":[{"id":73,"cluster":11},{"id":192,"cluster":12},{"id":65535,"cluster":12}]}
QCAE_FT_AAT_TRACE {"message":"start chainsubtable 4","engine":"0x896bed800","engine_type":4,"pixel_size":18,"utf16":[99,97,102,233,32,65,778,32,102,105,32,102,102,105],"glyphs":[{"id":73,"cluster":11},{"id":192,"cluster":12},{"id":65535,"cluster":12}]}
QCAE_FT_AAT_TRACE {"message":"end chainsubtable 4","engine":"0x896bed800","engine_type":4,"pixel_size":18,"utf16":[99,97,102,233,32,65,778,32,102,105,32,102,102,105],"glyphs":[{"id":73,"cluster":11},{"id":192,"cluster":12},{"id":65535,"cluster":12}]}
QCAE_FT_AAT_TRACE {"message":"end table morx","engine":"0x896bed800","engine_type":4,"pixel_size":18,"utf16":[99,97,102,233,32,65,778,32,102,105,32,102,102,105],"glyphs":[{"id":73,"cluster":11},{"id":192,"cluster":12},{"id":65535,"cluster":12}]}
QCAE_FT_AAT_TRACE {"message":"start table kern","engine":"0x896bed800","engine_type":4,"pixel_size":18,"utf16":[99,97,102,233,32,65,778,32,102,105,32,102,102,105],"glyphs":[{"id":73,"cluster":11},{"id":192,"cluster":12},{"id":65535,"cluster":12}]}
QCAE_FT_AAT_TRACE {"message":"start subtable 0","engine":"0x896bed800","engine_type":4,"pixel_size":18,"utf16":[99,97,102,233,32,65,778,32,102,105,32,102,102,105],"glyphs":[{"id":73,"cluster":11},{"id":192,"cluster":12},{"id":65535,"cluster":12}]}
QCAE_FT_AAT_TRACE {"message":"start kern","engine":"0x896bed800","engine_type":4,"pixel_size":18,"utf16":[99,97,102,233,32,65,778,32,102,105,32,102,102,105],"glyphs":[{"id":73,"cluster":11},{"id":192,"cluster":12},{"id":65535,"cluster":12}]}
QCAE_FT_AAT_TRACE {"message":"end kern","engine":"0x896bed800","engine_type":4,"pixel_size":18,"utf16":[99,97,102,233,32,65,778,32,102,105,32,102,102,105],"glyphs":[{"id":73,"cluster":11},{"id":192,"cluster":12},{"id":65535,"cluster":12}]}
QCAE_FT_AAT_TRACE {"message":"end subtable 0","engine":"0x896bed800","engine_type":4,"pixel_size":18,"utf16":[99,97,102,233,32,65,778,32,102,105,32,102,102,105],"glyphs":[{"id":73,"cluster":11},{"id":192,"cluster":12},{"id":65535,"cluster":12}]}
QCAE_FT_AAT_TRACE {"message":"end table kern","engine":"0x896bed800","engine_type":4,"pixel_size":18,"utf16":[99,97,102,233,32,65,778,32,102,105,32,102,102,105],"glyphs":[{"id":73,"cluster":11},{"id":192,"cluster":12},{"id":65535,"cluster":12}]}
QCAE_FT_AAT_TRACE {"message":"start fallback mark","engine":"0x896bed800","engine_type":4,"pixel_size":18,"utf16":[99,97,102,233,32,65,778,32,102,105,32,102,102,105],"glyphs":[{"id":73,"cluster":11},{"id":192,"cluster":12},{"id":65535,"cluster":12}]}
QCAE_FT_AAT_TRACE {"message":"end fallback mark","engine":"0x896bed800","engine_type":4,"pixel_size":18,"utf16":[99,97,102,233,32,65,778,32,102,105,32,102,102,105],"glyphs":[{"id":73,"cluster":11},{"id":192,"cluster":12},{"id":65535,"cluster":12}]}
QCAE_FT_AAT_TRACE {"message":"final-shape-result","engine":"0x896bed800","engine_type":4,"pixel_size":18,"utf16":[99,97,102,233,32,65,778,32,102,105,32,102,102,105],"glyphs":[{"id":73,"cluster":11},{"id":192,"cluster":12}]}
QCAE_FT_AAT_TRACE {"message":"end chainsubtable 3","engine":"0x896bed800","engine_type":4,"pixel_size":18,"utf16":[99,97,102,233,32,65,778,32,102,105,32,102,102,105],"glyphs":[{"id":192,"cluster":8},{"id":65535,"cluster":8}]}
QCAE_FT_AAT_TRACE {"message":"skipped chainsubtable 4 because no glyph matches","engine":"0x896bed800","engine_type":4,"pixel_size":18,"utf16":[99,97,102,233,32,65,778,32,102,105,32,102,102,105],"glyphs":[{"id":192,"cluster":8},{"id":65535,"cluster":8}]}
QCAE_FT_AAT_TRACE {"message":"end table morx","engine":"0x896bed800","engine_type":4,"pixel_size":18,"utf16":[99,97,102,233,32,65,778,32,102,105,32,102,102,105],"glyphs":[{"id":192,"cluster":8},{"id":65535,"cluster":8}]}
QCAE_FT_AAT_TRACE {"message":"start table kern","engine":"0x896bed800","engine_type":4,"pixel_size":18,"utf16":[99,97,102,233,32,65,778,32,102,105,32,102,102,105],"glyphs":[{"id":192,"cluster":8},{"id":65535,"cluster":8}]}
QCAE_FT_AAT_TRACE {"message":"skipped subtable 0 because no glyph matches","engine":"0x896bed800","engine_type":4,"pixel_size":18,"utf16":[99,97,102,233,32,65,778,32,102,105,32,102,102,105],"glyphs":[{"id":192,"cluster":8},{"id":65535,"cluster":8}]}
QCAE_FT_AAT_TRACE {"message":"end table kern","engine":"0x896bed800","engine_type":4,"pixel_size":18,"utf16":[99,97,102,233,32,65,778,32,102,105,32,102,102,105],"glyphs":[{"id":192,"cluster":8},{"id":65535,"cluster":8}]}
QCAE_FT_AAT_TRACE {"message":"start fallback mark","engine":"0x896bed800","engine_type":4,"pixel_size":18,"utf16":[99,97,102,233,32,65,778,32,102,105,32,102,102,105],"glyphs":[{"id":192,"cluster":8},{"id":65535,"cluster":8}]}
QCAE_FT_AAT_TRACE {"message":"end fallback mark","engine":"0x896bed800","engine_type":4,"pixel_size":18,"utf16":[99,97,102,233,32,65,778,32,102,105,32,102,102,105],"glyphs":[{"id":192,"cluster":8},{"id":65535,"cluster":8}]}
QCAE_FT_AAT_TRACE {"message":"final-shape-result","engine":"0x896bed800","engine_type":4,"pixel_size":18,"utf16":[99,97,102,233,32,65,778,32,102,105,32,102,102,105],"glyphs":[{"id":192,"cluster":8}]}
QCAE_FT_AAT_TRACE {"message":"end chainsubtable 3","engine":"0x896bed800","engine_type":4,"pixel_size":18,"utf16":[99,97,102,233,32,65,778,32,102,105,32,102,102,105],"glyphs":[{"id":73,"cluster":11},{"id":192,"cluster":12},{"id":65535,"cluster":12}]}
QCAE_FT_AAT_TRACE {"message":"start chainsubtable 4","engine":"0x896bed800","engine_type":4,"pixel_size":18,"utf16":[99,97,102,233,32,65,778,32,102,105,32,102,102,105],"glyphs":[{"id":73,"cluster":11},{"id":192,"cluster":12},{"id":65535,"cluster":12}]}
QCAE_FT_AAT_TRACE {"message":"end chainsubtable 4","engine":"0x896bed800","engine_type":4,"pixel_size":18,"utf16":[99,97,102,233,32,65,778,32,102,105,32,102,102,105],"glyphs":[{"id":73,"cluster":11},{"id":192,"cluster":12},{"id":65535,"cluster":12}]}
QCAE_FT_AAT_TRACE {"message":"end table morx","engine":"0x896bed800","engine_type":4,"pixel_size":18,"utf16":[99,97,102,233,32,65,778,32,102,105,32,102,102,105],"glyphs":[{"id":73,"cluster":11},{"id":192,"cluster":12},{"id":65535,"cluster":12}]}
QCAE_FT_AAT_TRACE {"message":"start table kern","engine":"0x896bed800","engine_type":4,"pixel_size":18,"utf16":[99,97,102,233,32,65,778,32,102,105,32,102,102,105],"glyphs":[{"id":73,"cluster":11},{"id":192,"cluster":12},{"id":65535,"cluster":12}]}
QCAE_FT_AAT_TRACE {"message":"start subtable 0","engine":"0x896bed800","engine_type":4,"pixel_size":18,"utf16":[99,97,102,233,32,65,778,32,102,105,32,102,102,105],"glyphs":[{"id":73,"cluster":11},{"id":192,"cluster":12},{"id":65535,"cluster":12}]}
QCAE_FT_AAT_TRACE {"message":"start kern","engine":"0x896bed800","engine_type":4,"pixel_size":18,"utf16":[99,97,102,233,32,65,778,32,102,105,32,102,102,105],"glyphs":[{"id":73,"cluster":11},{"id":192,"cluster":12},{"id":65535,"cluster":12}]}
QCAE_FT_AAT_TRACE {"message":"end kern","engine":"0x896bed800","engine_type":4,"pixel_size":18,"utf16":[99,97,102,233,32,65,778,32,102,105,32,102,102,105],"glyphs":[{"id":73,"cluster":11},{"id":192,"cluster":12},{"id":65535,"cluster":12}]}
QCAE_FT_AAT_TRACE {"message":"end subtable 0","engine":"0x896bed800","engine_type":4,"pixel_size":18,"utf16":[99,97,102,233,32,65,778,32,102,105,32,102,102,105],"glyphs":[{"id":73,"cluster":11},{"id":192,"cluster":12},{"id":65535,"cluster":12}]}
QCAE_FT_AAT_TRACE {"message":"end table kern","engine":"0x896bed800","engine_type":4,"pixel_size":18,"utf16":[99,97,102,233,32,65,778,32,102,105,32,102,102,105],"glyphs":[{"id":73,"cluster":11},{"id":192,"cluster":12},{"id":65535,"cluster":12}]}
QCAE_FT_AAT_TRACE {"message":"start fallback mark","engine":"0x896bed800","engine_type":4,"pixel_size":18,"utf16":[99,97,102,233,32,65,778,32,102,105,32,102,102,105],"glyphs":[{"id":73,"cluster":11},{"id":192,"cluster":12},{"id":65535,"cluster":12}]}
QCAE_FT_AAT_TRACE {"message":"end fallback mark","engine":"0x896bed800","engine_type":4,"pixel_size":18,"utf16":[99,97,102,233,32,65,778,32,102,105,32,102,102,105],"glyphs":[{"id":73,"cluster":11},{"id":192,"cluster":12},{"id":65535,"cluster":12}]}
QCAE_FT_AAT_TRACE {"message":"final-shape-result","engine":"0x896bed800","engine_type":4,"pixel_size":18,"utf16":[99,97,102,233,32,65,778,32,102,105,32,102,102,105],"glyphs":[{"id":73,"cluster":11},{"id":192,"cluster":12}]}
QCAE_FT_AAT_TRACE {"message":"end chainsubtable 11","engine":"0x89640d800","engine_type":4,"pixel_size":18,"utf16":[78,111,100,101,32,55357,56898,32,55357,56425,8205,55357,56615],"glyphs":[{"id":1450,"cluster":8},{"id":65535,"cluster":8},{"id":65535,"cluster":8}]}
QCAE_FT_AAT_TRACE {"message":"skipped chainsubtable 12 because no glyph matches","engine":"0x89640d800","engine_type":4,"pixel_size":18,"utf16":[78,111,100,101,32,55357,56898,32,55357,56425,8205,55357,56615],"glyphs":[{"id":1450,"cluster":8},{"id":65535,"cluster":8},{"id":65535,"cluster":8}]}
QCAE_FT_AAT_TRACE {"message":"skipped chainsubtable 13 because no glyph matches","engine":"0x89640d800","engine_type":4,"pixel_size":18,"utf16":[78,111,100,101,32,55357,56898,32,55357,56425,8205,55357,56615],"glyphs":[{"id":1450,"cluster":8},{"id":65535,"cluster":8},{"id":65535,"cluster":8}]}
QCAE_FT_AAT_TRACE {"message":"skipped chainsubtable 14 because no glyph matches","engine":"0x89640d800","engine_type":4,"pixel_size":18,"utf16":[78,111,100,101,32,55357,56898,32,55357,56425,8205,55357,56615],"glyphs":[{"id":1450,"cluster":8},{"id":65535,"cluster":8},{"id":65535,"cluster":8}]}
QCAE_FT_AAT_TRACE {"message":"skipped chainsubtable 15 because no glyph matches","engine":"0x89640d800","engine_type":4,"pixel_size":18,"utf16":[78,111,100,101,32,55357,56898,32,55357,56425,8205,55357,56615],"glyphs":[{"id":1450,"cluster":8},{"id":65535,"cluster":8},{"id":65535,"cluster":8}]}
QCAE_FT_AAT_TRACE {"message":"start chainsubtable 24","engine":"0x89640d800","engine_type":4,"pixel_size":18,"utf16":[78,111,100,101,32,55357,56898,32,55357,56425,8205,55357,56615],"glyphs":[{"id":1450,"cluster":8},{"id":65535,"cluster":8},{"id":65535,"cluster":8}]}
QCAE_FT_AAT_TRACE {"message":"end chainsubtable 24","engine":"0x89640d800","engine_type":4,"pixel_size":18,"utf16":[78,111,100,101,32,55357,56898,32,55357,56425,8205,55357,56615],"glyphs":[{"id":1450,"cluster":8},{"id":65535,"cluster":8},{"id":65535,"cluster":8}]}
QCAE_FT_AAT_TRACE {"message":"end table morx","engine":"0x89640d800","engine_type":4,"pixel_size":18,"utf16":[78,111,100,101,32,55357,56898,32,55357,56425,8205,55357,56615],"glyphs":[{"id":1450,"cluster":8},{"id":65535,"cluster":8},{"id":65535,"cluster":8}]}
QCAE_FT_AAT_TRACE {"message":"start table GPOS script tag ''","engine":"0x89640d800","engine_type":4,"pixel_size":18,"utf16":[78,111,100,101,32,55357,56898,32,55357,56425,8205,55357,56615],"glyphs":[{"id":1450,"cluster":8}]}
QCAE_FT_AAT_TRACE {"message":"start lookup 0 feature 'mark'","engine":"0x89640d800","engine_type":4,"pixel_size":18,"utf16":[78,111,100,101,32,55357,56898,32,55357,56425,8205,55357,56615],"glyphs":[{"id":1450,"cluster":8}]}
QCAE_FT_AAT_TRACE {"message":"skipped lookup 0 feature 'mark' because no glyph matches","engine":"0x89640d800","engine_type":4,"pixel_size":18,"utf16":[78,111,100,101,32,55357,56898,32,55357,56425,8205,55357,56615],"glyphs":[{"id":1450,"cluster":8}]}
QCAE_FT_AAT_TRACE {"message":"end lookup 0 feature 'mark'","engine":"0x89640d800","engine_type":4,"pixel_size":18,"utf16":[78,111,100,101,32,55357,56898,32,55357,56425,8205,55357,56615],"glyphs":[{"id":1450,"cluster":8}]}
QCAE_FT_AAT_TRACE {"message":"end table GPOS script tag ''","engine":"0x89640d800","engine_type":4,"pixel_size":18,"utf16":[78,111,100,101,32,55357,56898,32,55357,56425,8205,55357,56615],"glyphs":[{"id":1450,"cluster":8}]}
QCAE_FT_AAT_TRACE {"message":"final-shape-result","engine":"0x89640d800","engine_type":4,"pixel_size":18,"utf16":[78,111,100,101,32,55357,56898,32,55357,56425,8205,55357,56615],"glyphs":[{"id":1450,"cluster":8}]}
QCAE_FT_AAT_TRACE {"message":"end chainsubtable 11","engine":"0x89640d800","engine_type":4,"pixel_size":18,"utf16":[78,111,100,101,32,55357,56898,32,55357,56425,8205,55357,56615],"glyphs":[{"id":1450,"cluster":8},{"id":65535,"cluster":8},{"id":65535,"cluster":8}]}
QCAE_FT_AAT_TRACE {"message":"skipped chainsubtable 12 because no glyph matches","engine":"0x89640d800","engine_type":4,"pixel_size":18,"utf16":[78,111,100,101,32,55357,56898,32,55357,56425,8205,55357,56615],"glyphs":[{"id":1450,"cluster":8},{"id":65535,"cluster":8},{"id":65535,"cluster":8}]}
QCAE_FT_AAT_TRACE {"message":"skipped chainsubtable 13 because no glyph matches","engine":"0x89640d800","engine_type":4,"pixel_size":18,"utf16":[78,111,100,101,32,55357,56898,32,55357,56425,8205,55357,56615],"glyphs":[{"id":1450,"cluster":8},{"id":65535,"cluster":8},{"id":65535,"cluster":8}]}
QCAE_FT_AAT_TRACE {"message":"skipped chainsubtable 14 because no glyph matches","engine":"0x89640d800","engine_type":4,"pixel_size":18,"utf16":[78,111,100,101,32,55357,56898,32,55357,56425,8205,55357,56615],"glyphs":[{"id":1450,"cluster":8},{"id":65535,"cluster":8},{"id":65535,"cluster":8}]}
QCAE_FT_AAT_TRACE {"message":"skipped chainsubtable 15 because no glyph matches","engine":"0x89640d800","engine_type":4,"pixel_size":18,"utf16":[78,111,100,101,32,55357,56898,32,55357,56425,8205,55357,56615],"glyphs":[{"id":1450,"cluster":8},{"id":65535,"cluster":8},{"id":65535,"cluster":8}]}
QCAE_FT_AAT_TRACE {"message":"start chainsubtable 24","engine":"0x89640d800","engine_type":4,"pixel_size":18,"utf16":[78,111,100,101,32,55357,56898,32,55357,56425,8205,55357,56615],"glyphs":[{"id":1450,"cluster":8},{"id":65535,"cluster":8},{"id":65535,"cluster":8}]}
QCAE_FT_AAT_TRACE {"message":"end chainsubtable 24","engine":"0x89640d800","engine_type":4,"pixel_size":18,"utf16":[78,111,100,101,32,55357,56898,32,55357,56425,8205,55357,56615],"glyphs":[{"id":1450,"cluster":8},{"id":65535,"cluster":8},{"id":65535,"cluster":8}]}
QCAE_FT_AAT_TRACE {"message":"end table morx","engine":"0x89640d800","engine_type":4,"pixel_size":18,"utf16":[78,111,100,101,32,55357,56898,32,55357,56425,8205,55357,56615],"glyphs":[{"id":1450,"cluster":8},{"id":65535,"cluster":8},{"id":65535,"cluster":8}]}
QCAE_FT_AAT_TRACE {"message":"start table GPOS script tag ''","engine":"0x89640d800","engine_type":4,"pixel_size":18,"utf16":[78,111,100,101,32,55357,56898,32,55357,56425,8205,55357,56615],"glyphs":[{"id":1450,"cluster":8}]}
QCAE_FT_AAT_TRACE {"message":"start lookup 0 feature 'mark'","engine":"0x89640d800","engine_type":4,"pixel_size":18,"utf16":[78,111,100,101,32,55357,56898,32,55357,56425,8205,55357,56615],"glyphs":[{"id":1450,"cluster":8}]}
QCAE_FT_AAT_TRACE {"message":"skipped lookup 0 feature 'mark' because no glyph matches","engine":"0x89640d800","engine_type":4,"pixel_size":18,"utf16":[78,111,100,101,32,55357,56898,32,55357,56425,8205,55357,56615],"glyphs":[{"id":1450,"cluster":8}]}
QCAE_FT_AAT_TRACE {"message":"end lookup 0 feature 'mark'","engine":"0x89640d800","engine_type":4,"pixel_size":18,"utf16":[78,111,100,101,32,55357,56898,32,55357,56425,8205,55357,56615],"glyphs":[{"id":1450,"cluster":8}]}
QCAE_FT_AAT_TRACE {"message":"end table GPOS script tag ''","engine":"0x89640d800","engine_type":4,"pixel_size":18,"utf16":[78,111,100,101,32,55357,56898,32,55357,56425,8205,55357,56615],"glyphs":[{"id":1450,"cluster":8}]}
QCAE_FT_AAT_TRACE {"message":"final-shape-result","engine":"0x89640d800","engine_type":4,"pixel_size":18,"utf16":[78,111,100,101,32,55357,56898,32,55357,56425,8205,55357,56615],"glyphs":[{"id":1450,"cluster":8}]}
QCAE_FT_AAT_TRACE {"message":"end chainsubtable 11","engine":"0x89640d800","engine_type":4,"pixel_size":18,"utf16":[78,111,100,101,32,55357,56898,32,55357,56425,8205,55357,56615],"glyphs":[{"id":1450,"cluster":8},{"id":65535,"cluster":8},{"id":65535,"cluster":8}]}
QCAE_FT_AAT_TRACE {"message":"skipped chainsubtable 12 because no glyph matches","engine":"0x89640d800","engine_type":4,"pixel_size":18,"utf16":[78,111,100,101,32,55357,56898,32,55357,56425,8205,55357,56615],"glyphs":[{"id":1450,"cluster":8},{"id":65535,"cluster":8},{"id":65535,"cluster":8}]}
QCAE_FT_AAT_TRACE {"message":"skipped chainsubtable 13 because no glyph matches","engine":"0x89640d800","engine_type":4,"pixel_size":18,"utf16":[78,111,100,101,32,55357,56898,32,55357,56425,8205,55357,56615],"glyphs":[{"id":1450,"cluster":8},{"id":65535,"cluster":8},{"id":65535,"cluster":8}]}
QCAE_FT_AAT_TRACE {"message":"skipped chainsubtable 14 because no glyph matches","engine":"0x89640d800","engine_type":4,"pixel_size":18,"utf16":[78,111,100,101,32,55357,56898,32,55357,56425,8205,55357,56615],"glyphs":[{"id":1450,"cluster":8},{"id":65535,"cluster":8},{"id":65535,"cluster":8}]}
QCAE_FT_AAT_TRACE {"message":"skipped chainsubtable 15 because no glyph matches","engine":"0x89640d800","engine_type":4,"pixel_size":18,"utf16":[78,111,100,101,32,55357,56898,32,55357,56425,8205,55357,56615],"glyphs":[{"id":1450,"cluster":8},{"id":65535,"cluster":8},{"id":65535,"cluster":8}]}
QCAE_FT_AAT_TRACE {"message":"start chainsubtable 24","engine":"0x89640d800","engine_type":4,"pixel_size":18,"utf16":[78,111,100,101,32,55357,56898,32,55357,56425,8205,55357,56615],"glyphs":[{"id":1450,"cluster":8},{"id":65535,"cluster":8},{"id":65535,"cluster":8}]}
QCAE_FT_AAT_TRACE {"message":"end chainsubtable 24","engine":"0x89640d800","engine_type":4,"pixel_size":18,"utf16":[78,111,100,101,32,55357,56898,32,55357,56425,8205,55357,56615],"glyphs":[{"id":1450,"cluster":8},{"id":65535,"cluster":8},{"id":65535,"cluster":8}]}
QCAE_FT_AAT_TRACE {"message":"end table morx","engine":"0x89640d800","engine_type":4,"pixel_size":18,"utf16":[78,111,100,101,32,55357,56898,32,55357,56425,8205,55357,56615],"glyphs":[{"id":1450,"cluster":8},{"id":65535,"cluster":8},{"id":65535,"cluster":8}]}
QCAE_FT_AAT_TRACE {"message":"start table GPOS script tag ''","engine":"0x89640d800","engine_type":4,"pixel_size":18,"utf16":[78,111,100,101,32,55357,56898,32,55357,56425,8205,55357,56615],"glyphs":[{"id":1450,"cluster":8}]}
QCAE_FT_AAT_TRACE {"message":"start lookup 0 feature 'mark'","engine":"0x89640d800","engine_type":4,"pixel_size":18,"utf16":[78,111,100,101,32,55357,56898,32,55357,56425,8205,55357,56615],"glyphs":[{"id":1450,"cluster":8}]}
QCAE_FT_AAT_TRACE {"message":"skipped lookup 0 feature 'mark' because no glyph matches","engine":"0x89640d800","engine_type":4,"pixel_size":18,"utf16":[78,111,100,101,32,55357,56898,32,55357,56425,8205,55357,56615],"glyphs":[{"id":1450,"cluster":8}]}
QCAE_FT_AAT_TRACE {"message":"end lookup 0 feature 'mark'","engine":"0x89640d800","engine_type":4,"pixel_size":18,"utf16":[78,111,100,101,32,55357,56898,32,55357,56425,8205,55357,56615],"glyphs":[{"id":1450,"cluster":8}]}
QCAE_FT_AAT_TRACE {"message":"end table GPOS script tag ''","engine":"0x89640d800","engine_type":4,"pixel_size":18,"utf16":[78,111,100,101,32,55357,56898,32,55357,56425,8205,55357,56615],"glyphs":[{"id":1450,"cluster":8}]}
QCAE_FT_AAT_TRACE {"message":"final-shape-result","engine":"0x89640d800","engine_type":4,"pixel_size":18,"utf16":[78,111,100,101,32,55357,56898,32,55357,56425,8205,55357,56615],"glyphs":[{"id":1450,"cluster":8}]}
QCAE_FT_AAT_TRACE {"message":"end chainsubtable 11","engine":"0x89640d800","engine_type":4,"pixel_size":18,"utf16":[78,111,100,101,32,55357,56898,32,55357,56425,8205,55357,56615],"glyphs":[{"id":1450,"cluster":8},{"id":65535,"cluster":8},{"id":65535,"cluster":8}]}
QCAE_FT_AAT_TRACE {"message":"skipped chainsubtable 12 because no glyph matches","engine":"0x89640d800","engine_type":4,"pixel_size":18,"utf16":[78,111,100,101,32,55357,56898,32,55357,56425,8205,55357,56615],"glyphs":[{"id":1450,"cluster":8},{"id":65535,"cluster":8},{"id":65535,"cluster":8}]}
QCAE_FT_AAT_TRACE {"message":"skipped chainsubtable 13 because no glyph matches","engine":"0x89640d800","engine_type":4,"pixel_size":18,"utf16":[78,111,100,101,32,55357,56898,32,55357,56425,8205,55357,56615],"glyphs":[{"id":1450,"cluster":8},{"id":65535,"cluster":8},{"id":65535,"cluster":8}]}
QCAE_FT_AAT_TRACE {"message":"skipped chainsubtable 14 because no glyph matches","engine":"0x89640d800","engine_type":4,"pixel_size":18,"utf16":[78,111,100,101,32,55357,56898,32,55357,56425,8205,55357,56615],"glyphs":[{"id":1450,"cluster":8},{"id":65535,"cluster":8},{"id":65535,"cluster":8}]}
QCAE_FT_AAT_TRACE {"message":"skipped chainsubtable 15 because no glyph matches","engine":"0x89640d800","engine_type":4,"pixel_size":18,"utf16":[78,111,100,101,32,55357,56898,32,55357,56425,8205,55357,56615],"glyphs":[{"id":1450,"cluster":8},{"id":65535,"cluster":8},{"id":65535,"cluster":8}]}
QCAE_FT_AAT_TRACE {"message":"start chainsubtable 24","engine":"0x89640d800","engine_type":4,"pixel_size":18,"utf16":[78,111,100,101,32,55357,56898,32,55357,56425,8205,55357,56615],"glyphs":[{"id":1450,"cluster":8},{"id":65535,"cluster":8},{"id":65535,"cluster":8}]}
QCAE_FT_AAT_TRACE {"message":"end chainsubtable 24","engine":"0x89640d800","engine_type":4,"pixel_size":18,"utf16":[78,111,100,101,32,55357,56898,32,55357,56425,8205,55357,56615],"glyphs":[{"id":1450,"cluster":8},{"id":65535,"cluster":8},{"id":65535,"cluster":8}]}
QCAE_FT_AAT_TRACE {"message":"end table morx","engine":"0x89640d800","engine_type":4,"pixel_size":18,"utf16":[78,111,100,101,32,55357,56898,32,55357,56425,8205,55357,56615],"glyphs":[{"id":1450,"cluster":8},{"id":65535,"cluster":8},{"id":65535,"cluster":8}]}
QCAE_FT_AAT_TRACE {"message":"start table GPOS script tag ''","engine":"0x89640d800","engine_type":4,"pixel_size":18,"utf16":[78,111,100,101,32,55357,56898,32,55357,56425,8205,55357,56615],"glyphs":[{"id":1450,"cluster":8}]}
QCAE_FT_AAT_TRACE {"message":"start lookup 0 feature 'mark'","engine":"0x89640d800","engine_type":4,"pixel_size":18,"utf16":[78,111,100,101,32,55357,56898,32,55357,56425,8205,55357,56615],"glyphs":[{"id":1450,"cluster":8}]}
QCAE_FT_AAT_TRACE {"message":"skipped lookup 0 feature 'mark' because no glyph matches","engine":"0x89640d800","engine_type":4,"pixel_size":18,"utf16":[78,111,100,101,32,55357,56898,32,55357,56425,8205,55357,56615],"glyphs":[{"id":1450,"cluster":8}]}
QCAE_FT_AAT_TRACE {"message":"end lookup 0 feature 'mark'","engine":"0x89640d800","engine_type":4,"pixel_size":18,"utf16":[78,111,100,101,32,55357,56898,32,55357,56425,8205,55357,56615],"glyphs":[{"id":1450,"cluster":8}]}
QCAE_FT_AAT_TRACE {"message":"end table GPOS script tag ''","engine":"0x89640d800","engine_type":4,"pixel_size":18,"utf16":[78,111,100,101,32,55357,56898,32,55357,56425,8205,55357,56615],"glyphs":[{"id":1450,"cluster":8}]}
QCAE_FT_AAT_TRACE {"message":"final-shape-result","engine":"0x89640d800","engine_type":4,"pixel_size":18,"utf16":[78,111,100,101,32,55357,56898,32,55357,56425,8205,55357,56615],"glyphs":[{"id":1450,"cluster":8}]}
QCAE_FT_AAT_TRACE {"message":"end chainsubtable 11","engine":"0x896bec000","engine_type":4,"pixel_size":14,"utf16":[78,111,100,101,32,55357,56898,32,55357,56425,8205,55357,56615],"glyphs":[{"id":1450,"cluster":8},{"id":65535,"cluster":8},{"id":65535,"cluster":8}]}
QCAE_FT_AAT_TRACE {"message":"skipped chainsubtable 12 because no glyph matches","engine":"0x896bec000","engine_type":4,"pixel_size":14,"utf16":[78,111,100,101,32,55357,56898,32,55357,56425,8205,55357,56615],"glyphs":[{"id":1450,"cluster":8},{"id":65535,"cluster":8},{"id":65535,"cluster":8}]}
QCAE_FT_AAT_TRACE {"message":"skipped chainsubtable 13 because no glyph matches","engine":"0x896bec000","engine_type":4,"pixel_size":14,"utf16":[78,111,100,101,32,55357,56898,32,55357,56425,8205,55357,56615],"glyphs":[{"id":1450,"cluster":8},{"id":65535,"cluster":8},{"id":65535,"cluster":8}]}
QCAE_FT_AAT_TRACE {"message":"skipped chainsubtable 14 because no glyph matches","engine":"0x896bec000","engine_type":4,"pixel_size":14,"utf16":[78,111,100,101,32,55357,56898,32,55357,56425,8205,55357,56615],"glyphs":[{"id":1450,"cluster":8},{"id":65535,"cluster":8},{"id":65535,"cluster":8}]}
QCAE_FT_AAT_TRACE {"message":"skipped chainsubtable 15 because no glyph matches","engine":"0x896bec000","engine_type":4,"pixel_size":14,"utf16":[78,111,100,101,32,55357,56898,32,55357,56425,8205,55357,56615],"glyphs":[{"id":1450,"cluster":8},{"id":65535,"cluster":8},{"id":65535,"cluster":8}]}
QCAE_FT_AAT_TRACE {"message":"start chainsubtable 24","engine":"0x896bec000","engine_type":4,"pixel_size":14,"utf16":[78,111,100,101,32,55357,56898,32,55357,56425,8205,55357,56615],"glyphs":[{"id":1450,"cluster":8},{"id":65535,"cluster":8},{"id":65535,"cluster":8}]}
QCAE_FT_AAT_TRACE {"message":"end chainsubtable 24","engine":"0x896bec000","engine_type":4,"pixel_size":14,"utf16":[78,111,100,101,32,55357,56898,32,55357,56425,8205,55357,56615],"glyphs":[{"id":1450,"cluster":8},{"id":65535,"cluster":8},{"id":65535,"cluster":8}]}
QCAE_FT_AAT_TRACE {"message":"end table morx","engine":"0x896bec000","engine_type":4,"pixel_size":14,"utf16":[78,111,100,101,32,55357,56898,32,55357,56425,8205,55357,56615],"glyphs":[{"id":1450,"cluster":8},{"id":65535,"cluster":8},{"id":65535,"cluster":8}]}
QCAE_FT_AAT_TRACE {"message":"start table GPOS script tag ''","engine":"0x896bec000","engine_type":4,"pixel_size":14,"utf16":[78,111,100,101,32,55357,56898,32,55357,56425,8205,55357,56615],"glyphs":[{"id":1450,"cluster":8}]}
QCAE_FT_AAT_TRACE {"message":"start lookup 0 feature 'mark'","engine":"0x896bec000","engine_type":4,"pixel_size":14,"utf16":[78,111,100,101,32,55357,56898,32,55357,56425,8205,55357,56615],"glyphs":[{"id":1450,"cluster":8}]}
QCAE_FT_AAT_TRACE {"message":"skipped lookup 0 feature 'mark' because no glyph matches","engine":"0x896bec000","engine_type":4,"pixel_size":14,"utf16":[78,111,100,101,32,55357,56898,32,55357,56425,8205,55357,56615],"glyphs":[{"id":1450,"cluster":8}]}
QCAE_FT_AAT_TRACE {"message":"end lookup 0 feature 'mark'","engine":"0x896bec000","engine_type":4,"pixel_size":14,"utf16":[78,111,100,101,32,55357,56898,32,55357,56425,8205,55357,56615],"glyphs":[{"id":1450,"cluster":8}]}
QCAE_FT_AAT_TRACE {"message":"end table GPOS script tag ''","engine":"0x896bec000","engine_type":4,"pixel_size":14,"utf16":[78,111,100,101,32,55357,56898,32,55357,56425,8205,55357,56615],"glyphs":[{"id":1450,"cluster":8}]}
QCAE_FT_AAT_TRACE {"message":"final-shape-result","engine":"0x896bec000","engine_type":4,"pixel_size":14,"utf16":[78,111,100,101,32,55357,56898,32,55357,56425,8205,55357,56615],"glyphs":[{"id":1450,"cluster":8}]}
QCAE_FT_AAT_TRACE {"message":"end chainsubtable 11","engine":"0x896bec000","engine_type":4,"pixel_size":14,"utf16":[78,111,100,101,32,55357,56898,32,55357,56425,8205,55357,56615],"glyphs":[{"id":1450,"cluster":8},{"id":65535,"cluster":8},{"id":65535,"cluster":8}]}
QCAE_FT_AAT_TRACE {"message":"skipped chainsubtable 12 because no glyph matches","engine":"0x896bec000","engine_type":4,"pixel_size":14,"utf16":[78,111,100,101,32,55357,56898,32,55357,56425,8205,55357,56615],"glyphs":[{"id":1450,"cluster":8},{"id":65535,"cluster":8},{"id":65535,"cluster":8}]}
QCAE_FT_AAT_TRACE {"message":"skipped chainsubtable 13 because no glyph matches","engine":"0x896bec000","engine_type":4,"pixel_size":14,"utf16":[78,111,100,101,32,55357,56898,32,55357,56425,8205,55357,56615],"glyphs":[{"id":1450,"cluster":8},{"id":65535,"cluster":8},{"id":65535,"cluster":8}]}
QCAE_FT_AAT_TRACE {"message":"skipped chainsubtable 14 because no glyph matches","engine":"0x896bec000","engine_type":4,"pixel_size":14,"utf16":[78,111,100,101,32,55357,56898,32,55357,56425,8205,55357,56615],"glyphs":[{"id":1450,"cluster":8},{"id":65535,"cluster":8},{"id":65535,"cluster":8}]}
QCAE_FT_AAT_TRACE {"message":"skipped chainsubtable 15 because no glyph matches","engine":"0x896bec000","engine_type":4,"pixel_size":14,"utf16":[78,111,100,101,32,55357,56898,32,55357,56425,8205,55357,56615],"glyphs":[{"id":1450,"cluster":8},{"id":65535,"cluster":8},{"id":65535,"cluster":8}]}
QCAE_FT_AAT_TRACE {"message":"start chainsubtable 24","engine":"0x896bec000","engine_type":4,"pixel_size":14,"utf16":[78,111,100,101,32,55357,56898,32,55357,56425,8205,55357,56615],"glyphs":[{"id":1450,"cluster":8},{"id":65535,"cluster":8},{"id":65535,"cluster":8}]}
QCAE_FT_AAT_TRACE {"message":"end chainsubtable 24","engine":"0x896bec000","engine_type":4,"pixel_size":14,"utf16":[78,111,100,101,32,55357,56898,32,55357,56425,8205,55357,56615],"glyphs":[{"id":1450,"cluster":8},{"id":65535,"cluster":8},{"id":65535,"cluster":8}]}
QCAE_FT_AAT_TRACE {"message":"end table morx","engine":"0x896bec000","engine_type":4,"pixel_size":14,"utf16":[78,111,100,101,32,55357,56898,32,55357,56425,8205,55357,56615],"glyphs":[{"id":1450,"cluster":8},{"id":65535,"cluster":8},{"id":65535,"cluster":8}]}
QCAE_FT_AAT_TRACE {"message":"start table GPOS script tag ''","engine":"0x896bec000","engine_type":4,"pixel_size":14,"utf16":[78,111,100,101,32,55357,56898,32,55357,56425,8205,55357,56615],"glyphs":[{"id":1450,"cluster":8}]}
QCAE_FT_AAT_TRACE {"message":"start lookup 0 feature 'mark'","engine":"0x896bec000","engine_type":4,"pixel_size":14,"utf16":[78,111,100,101,32,55357,56898,32,55357,56425,8205,55357,56615],"glyphs":[{"id":1450,"cluster":8}]}
QCAE_FT_AAT_TRACE {"message":"skipped lookup 0 feature 'mark' because no glyph matches","engine":"0x896bec000","engine_type":4,"pixel_size":14,"utf16":[78,111,100,101,32,55357,56898,32,55357,56425,8205,55357,56615],"glyphs":[{"id":1450,"cluster":8}]}
QCAE_FT_AAT_TRACE {"message":"end lookup 0 feature 'mark'","engine":"0x896bec000","engine_type":4,"pixel_size":14,"utf16":[78,111,100,101,32,55357,56898,32,55357,56425,8205,55357,56615],"glyphs":[{"id":1450,"cluster":8}]}
QCAE_FT_AAT_TRACE {"message":"end table GPOS script tag ''","engine":"0x896bec000","engine_type":4,"pixel_size":14,"utf16":[78,111,100,101,32,55357,56898,32,55357,56425,8205,55357,56615],"glyphs":[{"id":1450,"cluster":8}]}
QCAE_FT_AAT_TRACE {"message":"final-shape-result","engine":"0x896bec000","engine_type":4,"pixel_size":14,"utf16":[78,111,100,101,32,55357,56898,32,55357,56425,8205,55357,56615],"glyphs":[{"id":1450,"cluster":8}]}
QCAE_FT_AAT_TRACE {"message":"end chainsubtable 11","engine":"0x896bec000","engine_type":4,"pixel_size":14,"utf16":[78,111,100,101,32,55357,56898,32,55357,56425,8205,55357,56615],"glyphs":[{"id":1450,"cluster":8},{"id":65535,"cluster":8},{"id":65535,"cluster":8}]}
QCAE_FT_AAT_TRACE {"message":"skipped chainsubtable 12 because no glyph matches","engine":"0x896bec000","engine_type":4,"pixel_size":14,"utf16":[78,111,100,101,32,55357,56898,32,55357,56425,8205,55357,56615],"glyphs":[{"id":1450,"cluster":8},{"id":65535,"cluster":8},{"id":65535,"cluster":8}]}
QCAE_FT_AAT_TRACE {"message":"skipped chainsubtable 13 because no glyph matches","engine":"0x896bec000","engine_type":4,"pixel_size":14,"utf16":[78,111,100,101,32,55357,56898,32,55357,56425,8205,55357,56615],"glyphs":[{"id":1450,"cluster":8},{"id":65535,"cluster":8},{"id":65535,"cluster":8}]}
QCAE_FT_AAT_TRACE {"message":"skipped chainsubtable 14 because no glyph matches","engine":"0x896bec000","engine_type":4,"pixel_size":14,"utf16":[78,111,100,101,32,55357,56898,32,55357,56425,8205,55357,56615],"glyphs":[{"id":1450,"cluster":8},{"id":65535,"cluster":8},{"id":65535,"cluster":8}]}
QCAE_FT_AAT_TRACE {"message":"skipped chainsubtable 15 because no glyph matches","engine":"0x896bec000","engine_type":4,"pixel_size":14,"utf16":[78,111,100,101,32,55357,56898,32,55357,56425,8205,55357,56615],"glyphs":[{"id":1450,"cluster":8},{"id":65535,"cluster":8},{"id":65535,"cluster":8}]}
QCAE_FT_AAT_TRACE {"message":"start chainsubtable 24","engine":"0x896bec000","engine_type":4,"pixel_size":14,"utf16":[78,111,100,101,32,55357,56898,32,55357,56425,8205,55357,56615],"glyphs":[{"id":1450,"cluster":8},{"id":65535,"cluster":8},{"id":65535,"cluster":8}]}
QCAE_FT_AAT_TRACE {"message":"end chainsubtable 24","engine":"0x896bec000","engine_type":4,"pixel_size":14,"utf16":[78,111,100,101,32,55357,56898,32,55357,56425,8205,55357,56615],"glyphs":[{"id":1450,"cluster":8},{"id":65535,"cluster":8},{"id":65535,"cluster":8}]}
QCAE_FT_AAT_TRACE {"message":"end table morx","engine":"0x896bec000","engine_type":4,"pixel_size":14,"utf16":[78,111,100,101,32,55357,56898,32,55357,56425,8205,55357,56615],"glyphs":[{"id":1450,"cluster":8},{"id":65535,"cluster":8},{"id":65535,"cluster":8}]}
QCAE_FT_AAT_TRACE {"message":"start table GPOS script tag ''","engine":"0x896bec000","engine_type":4,"pixel_size":14,"utf16":[78,111,100,101,32,55357,56898,32,55357,56425,8205,55357,56615],"glyphs":[{"id":1450,"cluster":8}]}
QCAE_FT_AAT_TRACE {"message":"start lookup 0 feature 'mark'","engine":"0x896bec000","engine_type":4,"pixel_size":14,"utf16":[78,111,100,101,32,55357,56898,32,55357,56425,8205,55357,56615],"glyphs":[{"id":1450,"cluster":8}]}
QCAE_FT_AAT_TRACE {"message":"skipped lookup 0 feature 'mark' because no glyph matches","engine":"0x896bec000","engine_type":4,"pixel_size":14,"utf16":[78,111,100,101,32,55357,56898,32,55357,56425,8205,55357,56615],"glyphs":[{"id":1450,"cluster":8}]}
QCAE_FT_AAT_TRACE {"message":"end lookup 0 feature 'mark'","engine":"0x896bec000","engine_type":4,"pixel_size":14,"utf16":[78,111,100,101,32,55357,56898,32,55357,56425,8205,55357,56615],"glyphs":[{"id":1450,"cluster":8}]}
QCAE_FT_AAT_TRACE {"message":"end table GPOS script tag ''","engine":"0x896bec000","engine_type":4,"pixel_size":14,"utf16":[78,111,100,101,32,55357,56898,32,55357,56425,8205,55357,56615],"glyphs":[{"id":1450,"cluster":8}]}
QCAE_FT_AAT_TRACE {"message":"final-shape-result","engine":"0x896bec000","engine_type":4,"pixel_size":14,"utf16":[78,111,100,101,32,55357,56898,32,55357,56425,8205,55357,56615],"glyphs":[{"id":1450,"cluster":8}]}
QCAE_FT_AAT_TRACE {"message":"end chainsubtable 11","engine":"0x896bec000","engine_type":4,"pixel_size":14,"utf16":[78,111,100,101,32,55357,56898,32,55357,56425,8205,55357,56615],"glyphs":[{"id":1450,"cluster":8},{"id":65535,"cluster":8},{"id":65535,"cluster":8}]}
QCAE_FT_AAT_TRACE {"message":"skipped chainsubtable 12 because no glyph matches","engine":"0x896bec000","engine_type":4,"pixel_size":14,"utf16":[78,111,100,101,32,55357,56898,32,55357,56425,8205,55357,56615],"glyphs":[{"id":1450,"cluster":8},{"id":65535,"cluster":8},{"id":65535,"cluster":8}]}
QCAE_FT_AAT_TRACE {"message":"skipped chainsubtable 13 because no glyph matches","engine":"0x896bec000","engine_type":4,"pixel_size":14,"utf16":[78,111,100,101,32,55357,56898,32,55357,56425,8205,55357,56615],"glyphs":[{"id":1450,"cluster":8},{"id":65535,"cluster":8},{"id":65535,"cluster":8}]}
QCAE_FT_AAT_TRACE {"message":"skipped chainsubtable 14 because no glyph matches","engine":"0x896bec000","engine_type":4,"pixel_size":14,"utf16":[78,111,100,101,32,55357,56898,32,55357,56425,8205,55357,56615],"glyphs":[{"id":1450,"cluster":8},{"id":65535,"cluster":8},{"id":65535,"cluster":8}]}
QCAE_FT_AAT_TRACE {"message":"skipped chainsubtable 15 because no glyph matches","engine":"0x896bec000","engine_type":4,"pixel_size":14,"utf16":[78,111,100,101,32,55357,56898,32,55357,56425,8205,55357,56615],"glyphs":[{"id":1450,"cluster":8},{"id":65535,"cluster":8},{"id":65535,"cluster":8}]}
QCAE_FT_AAT_TRACE {"message":"start chainsubtable 24","engine":"0x896bec000","engine_type":4,"pixel_size":14,"utf16":[78,111,100,101,32,55357,56898,32,55357,56425,8205,55357,56615],"glyphs":[{"id":1450,"cluster":8},{"id":65535,"cluster":8},{"id":65535,"cluster":8}]}
QCAE_FT_AAT_TRACE {"message":"end chainsubtable 24","engine":"0x896bec000","engine_type":4,"pixel_size":14,"utf16":[78,111,100,101,32,55357,56898,32,55357,56425,8205,55357,56615],"glyphs":[{"id":1450,"cluster":8},{"id":65535,"cluster":8},{"id":65535,"cluster":8}]}
QCAE_FT_AAT_TRACE {"message":"end table morx","engine":"0x896bec000","engine_type":4,"pixel_size":14,"utf16":[78,111,100,101,32,55357,56898,32,55357,56425,8205,55357,56615],"glyphs":[{"id":1450,"cluster":8},{"id":65535,"cluster":8},{"id":65535,"cluster":8}]}
QCAE_FT_AAT_TRACE {"message":"start table GPOS script tag ''","engine":"0x896bec000","engine_type":4,"pixel_size":14,"utf16":[78,111,100,101,32,55357,56898,32,55357,56425,8205,55357,56615],"glyphs":[{"id":1450,"cluster":8}]}
QCAE_FT_AAT_TRACE {"message":"start lookup 0 feature 'mark'","engine":"0x896bec000","engine_type":4,"pixel_size":14,"utf16":[78,111,100,101,32,55357,56898,32,55357,56425,8205,55357,56615],"glyphs":[{"id":1450,"cluster":8}]}
QCAE_FT_AAT_TRACE {"message":"skipped lookup 0 feature 'mark' because no glyph matches","engine":"0x896bec000","engine_type":4,"pixel_size":14,"utf16":[78,111,100,101,32,55357,56898,32,55357,56425,8205,55357,56615],"glyphs":[{"id":1450,"cluster":8}]}
QCAE_FT_AAT_TRACE {"message":"end lookup 0 feature 'mark'","engine":"0x896bec000","engine_type":4,"pixel_size":14,"utf16":[78,111,100,101,32,55357,56898,32,55357,56425,8205,55357,56615],"glyphs":[{"id":1450,"cluster":8}]}
QCAE_FT_AAT_TRACE {"message":"end table GPOS script tag ''","engine":"0x896bec000","engine_type":4,"pixel_size":14,"utf16":[78,111,100,101,32,55357,56898,32,55357,56425,8205,55357,56615],"glyphs":[{"id":1450,"cluster":8}]}
QCAE_FT_AAT_TRACE {"message":"final-shape-result","engine":"0x896bec000","engine_type":4,"pixel_size":14,"utf16":[78,111,100,101,32,55357,56898,32,55357,56425,8205,55357,56615],"glyphs":[{"id":1450,"cluster":8}]}
QCAE_FT_AAT_TRACE {"message":"end chainsubtable 11","engine":"0x89640d800","engine_type":4,"pixel_size":18,"utf16":[78,111,100,101,32,55357,56898,32,55357,56425,8205,55357,56615],"glyphs":[{"id":1450,"cluster":8},{"id":65535,"cluster":8},{"id":65535,"cluster":8}]}
QCAE_FT_AAT_TRACE {"message":"skipped chainsubtable 12 because no glyph matches","engine":"0x89640d800","engine_type":4,"pixel_size":18,"utf16":[78,111,100,101,32,55357,56898,32,55357,56425,8205,55357,56615],"glyphs":[{"id":1450,"cluster":8},{"id":65535,"cluster":8},{"id":65535,"cluster":8}]}
QCAE_FT_AAT_TRACE {"message":"skipped chainsubtable 13 because no glyph matches","engine":"0x89640d800","engine_type":4,"pixel_size":18,"utf16":[78,111,100,101,32,55357,56898,32,55357,56425,8205,55357,56615],"glyphs":[{"id":1450,"cluster":8},{"id":65535,"cluster":8},{"id":65535,"cluster":8}]}
QCAE_FT_AAT_TRACE {"message":"skipped chainsubtable 14 because no glyph matches","engine":"0x89640d800","engine_type":4,"pixel_size":18,"utf16":[78,111,100,101,32,55357,56898,32,55357,56425,8205,55357,56615],"glyphs":[{"id":1450,"cluster":8},{"id":65535,"cluster":8},{"id":65535,"cluster":8}]}
QCAE_FT_AAT_TRACE {"message":"skipped chainsubtable 15 because no glyph matches","engine":"0x89640d800","engine_type":4,"pixel_size":18,"utf16":[78,111,100,101,32,55357,56898,32,55357,56425,8205,55357,56615],"glyphs":[{"id":1450,"cluster":8},{"id":65535,"cluster":8},{"id":65535,"cluster":8}]}
QCAE_FT_AAT_TRACE {"message":"start chainsubtable 24","engine":"0x89640d800","engine_type":4,"pixel_size":18,"utf16":[78,111,100,101,32,55357,56898,32,55357,56425,8205,55357,56615],"glyphs":[{"id":1450,"cluster":8},{"id":65535,"cluster":8},{"id":65535,"cluster":8}]}
QCAE_FT_AAT_TRACE {"message":"end chainsubtable 24","engine":"0x89640d800","engine_type":4,"pixel_size":18,"utf16":[78,111,100,101,32,55357,56898,32,55357,56425,8205,55357,56615],"glyphs":[{"id":1450,"cluster":8},{"id":65535,"cluster":8},{"id":65535,"cluster":8}]}
QCAE_FT_AAT_TRACE {"message":"end table morx","engine":"0x89640d800","engine_type":4,"pixel_size":18,"utf16":[78,111,100,101,32,55357,56898,32,55357,56425,8205,55357,56615],"glyphs":[{"id":1450,"cluster":8},{"id":65535,"cluster":8},{"id":65535,"cluster":8}]}
QCAE_FT_AAT_TRACE {"message":"start table GPOS script tag ''","engine":"0x89640d800","engine_type":4,"pixel_size":18,"utf16":[78,111,100,101,32,55357,56898,32,55357,56425,8205,55357,56615],"glyphs":[{"id":1450,"cluster":8}]}
QCAE_FT_AAT_TRACE {"message":"start lookup 0 feature 'mark'","engine":"0x89640d800","engine_type":4,"pixel_size":18,"utf16":[78,111,100,101,32,55357,56898,32,55357,56425,8205,55357,56615],"glyphs":[{"id":1450,"cluster":8}]}
QCAE_FT_AAT_TRACE {"message":"skipped lookup 0 feature 'mark' because no glyph matches","engine":"0x89640d800","engine_type":4,"pixel_size":18,"utf16":[78,111,100,101,32,55357,56898,32,55357,56425,8205,55357,56615],"glyphs":[{"id":1450,"cluster":8}]}
QCAE_FT_AAT_TRACE {"message":"end lookup 0 feature 'mark'","engine":"0x89640d800","engine_type":4,"pixel_size":18,"utf16":[78,111,100,101,32,55357,56898,32,55357,56425,8205,55357,56615],"glyphs":[{"id":1450,"cluster":8}]}
QCAE_FT_AAT_TRACE {"message":"end table GPOS script tag ''","engine":"0x89640d800","engine_type":4,"pixel_size":18,"utf16":[78,111,100,101,32,55357,56898,32,55357,56425,8205,55357,56615],"glyphs":[{"id":1450,"cluster":8}]}
QCAE_FT_AAT_TRACE {"message":"final-shape-result","engine":"0x89640d800","engine_type":4,"pixel_size":18,"utf16":[78,111,100,101,32,55357,56898,32,55357,56425,8205,55357,56615],"glyphs":[{"id":1450,"cluster":8}]}
QCAE_FT_AAT_TRACE {"message":"end chainsubtable 11","engine":"0x89640d800","engine_type":4,"pixel_size":18,"utf16":[78,111,100,101,32,55357,56898,32,55357,56425,8205,55357,56615],"glyphs":[{"id":1450,"cluster":8},{"id":65535,"cluster":8},{"id":65535,"cluster":8}]}
QCAE_FT_AAT_TRACE {"message":"skipped chainsubtable 12 because no glyph matches","engine":"0x89640d800","engine_type":4,"pixel_size":18,"utf16":[78,111,100,101,32,55357,56898,32,55357,56425,8205,55357,56615],"glyphs":[{"id":1450,"cluster":8},{"id":65535,"cluster":8},{"id":65535,"cluster":8}]}
QCAE_FT_AAT_TRACE {"message":"skipped chainsubtable 13 because no glyph matches","engine":"0x89640d800","engine_type":4,"pixel_size":18,"utf16":[78,111,100,101,32,55357,56898,32,55357,56425,8205,55357,56615],"glyphs":[{"id":1450,"cluster":8},{"id":65535,"cluster":8},{"id":65535,"cluster":8}]}
QCAE_FT_AAT_TRACE {"message":"skipped chainsubtable 14 because no glyph matches","engine":"0x89640d800","engine_type":4,"pixel_size":18,"utf16":[78,111,100,101,32,55357,56898,32,55357,56425,8205,55357,56615],"glyphs":[{"id":1450,"cluster":8},{"id":65535,"cluster":8},{"id":65535,"cluster":8}]}
QCAE_FT_AAT_TRACE {"message":"skipped chainsubtable 15 because no glyph matches","engine":"0x89640d800","engine_type":4,"pixel_size":18,"utf16":[78,111,100,101,32,55357,56898,32,55357,56425,8205,55357,56615],"glyphs":[{"id":1450,"cluster":8},{"id":65535,"cluster":8},{"id":65535,"cluster":8}]}
QCAE_FT_AAT_TRACE {"message":"start chainsubtable 24","engine":"0x89640d800","engine_type":4,"pixel_size":18,"utf16":[78,111,100,101,32,55357,56898,32,55357,56425,8205,55357,56615],"glyphs":[{"id":1450,"cluster":8},{"id":65535,"cluster":8},{"id":65535,"cluster":8}]}
QCAE_FT_AAT_TRACE {"message":"end chainsubtable 24","engine":"0x89640d800","engine_type":4,"pixel_size":18,"utf16":[78,111,100,101,32,55357,56898,32,55357,56425,8205,55357,56615],"glyphs":[{"id":1450,"cluster":8},{"id":65535,"cluster":8},{"id":65535,"cluster":8}]}
QCAE_FT_AAT_TRACE {"message":"end table morx","engine":"0x89640d800","engine_type":4,"pixel_size":18,"utf16":[78,111,100,101,32,55357,56898,32,55357,56425,8205,55357,56615],"glyphs":[{"id":1450,"cluster":8},{"id":65535,"cluster":8},{"id":65535,"cluster":8}]}
QCAE_FT_AAT_TRACE {"message":"start table GPOS script tag ''","engine":"0x89640d800","engine_type":4,"pixel_size":18,"utf16":[78,111,100,101,32,55357,56898,32,55357,56425,8205,55357,56615],"glyphs":[{"id":1450,"cluster":8}]}
QCAE_FT_AAT_TRACE {"message":"start lookup 0 feature 'mark'","engine":"0x89640d800","engine_type":4,"pixel_size":18,"utf16":[78,111,100,101,32,55357,56898,32,55357,56425,8205,55357,56615],"glyphs":[{"id":1450,"cluster":8}]}
QCAE_FT_AAT_TRACE {"message":"skipped lookup 0 feature 'mark' because no glyph matches","engine":"0x89640d800","engine_type":4,"pixel_size":18,"utf16":[78,111,100,101,32,55357,56898,32,55357,56425,8205,55357,56615],"glyphs":[{"id":1450,"cluster":8}]}
QCAE_FT_AAT_TRACE {"message":"end lookup 0 feature 'mark'","engine":"0x89640d800","engine_type":4,"pixel_size":18,"utf16":[78,111,100,101,32,55357,56898,32,55357,56425,8205,55357,56615],"glyphs":[{"id":1450,"cluster":8}]}
QCAE_FT_AAT_TRACE {"message":"end table GPOS script tag ''","engine":"0x89640d800","engine_type":4,"pixel_size":18,"utf16":[78,111,100,101,32,55357,56898,32,55357,56425,8205,55357,56615],"glyphs":[{"id":1450,"cluster":8}]}
QCAE_FT_AAT_TRACE {"message":"final-shape-result","engine":"0x89640d800","engine_type":4,"pixel_size":18,"utf16":[78,111,100,101,32,55357,56898,32,55357,56425,8205,55357,56615],"glyphs":[{"id":1450,"cluster":8}]}
QCAE_FT_AAT_TRACE {"message":"end chainsubtable 11","engine":"0x89640d800","engine_type":4,"pixel_size":18,"utf16":[78,111,100,101,32,55357,56898,32,55357,56425,8205,55357,56615],"glyphs":[{"id":1450,"cluster":8},{"id":65535,"cluster":8},{"id":65535,"cluster":8}]}
QCAE_FT_AAT_TRACE {"message":"skipped chainsubtable 12 because no glyph matches","engine":"0x89640d800","engine_type":4,"pixel_size":18,"utf16":[78,111,100,101,32,55357,56898,32,55357,56425,8205,55357,56615],"glyphs":[{"id":1450,"cluster":8},{"id":65535,"cluster":8},{"id":65535,"cluster":8}]}
QCAE_FT_AAT_TRACE {"message":"skipped chainsubtable 13 because no glyph matches","engine":"0x89640d800","engine_type":4,"pixel_size":18,"utf16":[78,111,100,101,32,55357,56898,32,55357,56425,8205,55357,56615],"glyphs":[{"id":1450,"cluster":8},{"id":65535,"cluster":8},{"id":65535,"cluster":8}]}
QCAE_FT_AAT_TRACE {"message":"skipped chainsubtable 14 because no glyph matches","engine":"0x89640d800","engine_type":4,"pixel_size":18,"utf16":[78,111,100,101,32,55357,56898,32,55357,56425,8205,55357,56615],"glyphs":[{"id":1450,"cluster":8},{"id":65535,"cluster":8},{"id":65535,"cluster":8}]}
QCAE_FT_AAT_TRACE {"message":"skipped chainsubtable 15 because no glyph matches","engine":"0x89640d800","engine_type":4,"pixel_size":18,"utf16":[78,111,100,101,32,55357,56898,32,55357,56425,8205,55357,56615],"glyphs":[{"id":1450,"cluster":8},{"id":65535,"cluster":8},{"id":65535,"cluster":8}]}
QCAE_FT_AAT_TRACE {"message":"start chainsubtable 24","engine":"0x89640d800","engine_type":4,"pixel_size":18,"utf16":[78,111,100,101,32,55357,56898,32,55357,56425,8205,55357,56615],"glyphs":[{"id":1450,"cluster":8},{"id":65535,"cluster":8},{"id":65535,"cluster":8}]}
QCAE_FT_AAT_TRACE {"message":"end chainsubtable 24","engine":"0x89640d800","engine_type":4,"pixel_size":18,"utf16":[78,111,100,101,32,55357,56898,32,55357,56425,8205,55357,56615],"glyphs":[{"id":1450,"cluster":8},{"id":65535,"cluster":8},{"id":65535,"cluster":8}]}
QCAE_FT_AAT_TRACE {"message":"end table morx","engine":"0x89640d800","engine_type":4,"pixel_size":18,"utf16":[78,111,100,101,32,55357,56898,32,55357,56425,8205,55357,56615],"glyphs":[{"id":1450,"cluster":8},{"id":65535,"cluster":8},{"id":65535,"cluster":8}]}
QCAE_FT_AAT_TRACE {"message":"start table GPOS script tag ''","engine":"0x89640d800","engine_type":4,"pixel_size":18,"utf16":[78,111,100,101,32,55357,56898,32,55357,56425,8205,55357,56615],"glyphs":[{"id":1450,"cluster":8}]}
QCAE_FT_AAT_TRACE {"message":"start lookup 0 feature 'mark'","engine":"0x89640d800","engine_type":4,"pixel_size":18,"utf16":[78,111,100,101,32,55357,56898,32,55357,56425,8205,55357,56615],"glyphs":[{"id":1450,"cluster":8}]}
QCAE_FT_AAT_TRACE {"message":"skipped lookup 0 feature 'mark' because no glyph matches","engine":"0x89640d800","engine_type":4,"pixel_size":18,"utf16":[78,111,100,101,32,55357,56898,32,55357,56425,8205,55357,56615],"glyphs":[{"id":1450,"cluster":8}]}
QCAE_FT_AAT_TRACE {"message":"end lookup 0 feature 'mark'","engine":"0x89640d800","engine_type":4,"pixel_size":18,"utf16":[78,111,100,101,32,55357,56898,32,55357,56425,8205,55357,56615],"glyphs":[{"id":1450,"cluster":8}]}
QCAE_FT_AAT_TRACE {"message":"end table GPOS script tag ''","engine":"0x89640d800","engine_type":4,"pixel_size":18,"utf16":[78,111,100,101,32,55357,56898,32,55357,56425,8205,55357,56615],"glyphs":[{"id":1450,"cluster":8}]}
QCAE_FT_AAT_TRACE {"message":"final-shape-result","engine":"0x89640d800","engine_type":4,"pixel_size":18,"utf16":[78,111,100,101,32,55357,56898,32,55357,56425,8205,55357,56615],"glyphs":[{"id":1450,"cluster":8}]}
QCAE_FT_AAT_TRACE {"message":"end chainsubtable 11","engine":"0x89640d800","engine_type":4,"pixel_size":18,"utf16":[78,111,100,101,32,55357,56898,32,55357,56425,8205,55357,56615],"glyphs":[{"id":1450,"cluster":8},{"id":65535,"cluster":8},{"id":65535,"cluster":8}]}
QCAE_FT_AAT_TRACE {"message":"skipped chainsubtable 12 because no glyph matches","engine":"0x89640d800","engine_type":4,"pixel_size":18,"utf16":[78,111,100,101,32,55357,56898,32,55357,56425,8205,55357,56615],"glyphs":[{"id":1450,"cluster":8},{"id":65535,"cluster":8},{"id":65535,"cluster":8}]}
QCAE_FT_AAT_TRACE {"message":"skipped chainsubtable 13 because no glyph matches","engine":"0x89640d800","engine_type":4,"pixel_size":18,"utf16":[78,111,100,101,32,55357,56898,32,55357,56425,8205,55357,56615],"glyphs":[{"id":1450,"cluster":8},{"id":65535,"cluster":8},{"id":65535,"cluster":8}]}
QCAE_FT_AAT_TRACE {"message":"skipped chainsubtable 14 because no glyph matches","engine":"0x89640d800","engine_type":4,"pixel_size":18,"utf16":[78,111,100,101,32,55357,56898,32,55357,56425,8205,55357,56615],"glyphs":[{"id":1450,"cluster":8},{"id":65535,"cluster":8},{"id":65535,"cluster":8}]}
QCAE_FT_AAT_TRACE {"message":"skipped chainsubtable 15 because no glyph matches","engine":"0x89640d800","engine_type":4,"pixel_size":18,"utf16":[78,111,100,101,32,55357,56898,32,55357,56425,8205,55357,56615],"glyphs":[{"id":1450,"cluster":8},{"id":65535,"cluster":8},{"id":65535,"cluster":8}]}
QCAE_FT_AAT_TRACE {"message":"start chainsubtable 24","engine":"0x89640d800","engine_type":4,"pixel_size":18,"utf16":[78,111,100,101,32,55357,56898,32,55357,56425,8205,55357,56615],"glyphs":[{"id":1450,"cluster":8},{"id":65535,"cluster":8},{"id":65535,"cluster":8}]}
QCAE_FT_AAT_TRACE {"message":"end chainsubtable 24","engine":"0x89640d800","engine_type":4,"pixel_size":18,"utf16":[78,111,100,101,32,55357,56898,32,55357,56425,8205,55357,56615],"glyphs":[{"id":1450,"cluster":8},{"id":65535,"cluster":8},{"id":65535,"cluster":8}]}
QCAE_FT_AAT_TRACE {"message":"end table morx","engine":"0x89640d800","engine_type":4,"pixel_size":18,"utf16":[78,111,100,101,32,55357,56898,32,55357,56425,8205,55357,56615],"glyphs":[{"id":1450,"cluster":8},{"id":65535,"cluster":8},{"id":65535,"cluster":8}]}
QCAE_FT_AAT_TRACE {"message":"start table GPOS script tag ''","engine":"0x89640d800","engine_type":4,"pixel_size":18,"utf16":[78,111,100,101,32,55357,56898,32,55357,56425,8205,55357,56615],"glyphs":[{"id":1450,"cluster":8}]}
QCAE_FT_AAT_TRACE {"message":"start lookup 0 feature 'mark'","engine":"0x89640d800","engine_type":4,"pixel_size":18,"utf16":[78,111,100,101,32,55357,56898,32,55357,56425,8205,55357,56615],"glyphs":[{"id":1450,"cluster":8}]}
QCAE_FT_AAT_TRACE {"message":"skipped lookup 0 feature 'mark' because no glyph matches","engine":"0x89640d800","engine_type":4,"pixel_size":18,"utf16":[78,111,100,101,32,55357,56898,32,55357,56425,8205,55357,56615],"glyphs":[{"id":1450,"cluster":8}]}
QCAE_FT_AAT_TRACE {"message":"end lookup 0 feature 'mark'","engine":"0x89640d800","engine_type":4,"pixel_size":18,"utf16":[78,111,100,101,32,55357,56898,32,55357,56425,8205,55357,56615],"glyphs":[{"id":1450,"cluster":8}]}
QCAE_FT_AAT_TRACE {"message":"end table GPOS script tag ''","engine":"0x89640d800","engine_type":4,"pixel_size":18,"utf16":[78,111,100,101,32,55357,56898,32,55357,56425,8205,55357,56615],"glyphs":[{"id":1450,"cluster":8}]}
QCAE_FT_AAT_TRACE {"message":"final-shape-result","engine":"0x89640d800","engine_type":4,"pixel_size":18,"utf16":[78,111,100,101,32,55357,56898,32,55357,56425,8205,55357,56615],"glyphs":[{"id":1450,"cluster":8}]}
Captured 64 actual Freetype Cocoa cases; exact comparison and remaining copy gaps are in the report
SDK8_native64 original_exit=0 sticky_status=0 collector_complete=1
